排名,股票,价,涨,PEG,PE.扣非,预测增速,北上持股,PB,股息,ROE,市值.亿,今年来,行业
'1,SZ000498.山东路桥,'5.88,'-0.34%,'0.37,'3.94,11.35%,1.48%,'0.38,3.39%,9.86%,'92,'+1.70%,工程建设
'2,SZ300641.正丹股份,'23.38,'-0.21%,'0.41,'8.14,20.19%,0.39%,'3.81,2.99%,57.04%,'125,'-4.68%,化学制品
'3,SH601919.中远海控,'15.63,'+1.10%,'0.47,'4.48,9.59%,3.50%,'0.99,9.96%,24.18%,'1971,'+7.69%,航运港口
'4,SH600248.陕建股份,'3.91,0.00%,'0.54,'5.18,12.67%,0.43%,'0.46,3.59%,9.74%,'146,'-10.67%,工程建设
'5,SH600866.星湖科技,'8.02,'-0.74%,'0.54,'11.43,18.40%,2.18%,'1.59,4.74%,14.36%,'133,'+30.73%,化学制品
'6,SZ300724.捷佳伟创,'66.80,'-1.66%,'0.55,'8.16,16.14%,2.41%,'2.00,1.77%,27.39%,'236,'+8.09%,光伏设备
'7,SH603323.苏农银行,'5.42,'-0.73%,'0.56,'5.55,10.22%,5.62%,'0.60,3.02%,11.43%,'109,'+16.06%,银行
'8,SH600926.杭州银行,'16.36,'-0.43%,'0.58,'6.64,11.55%,4.28%,'0.81,3.58%,13.61%,'1186,'+13.83%,银行
'9,SH601838.成都银行,'18.93,'-0.37%,'0.58,'6.16,10.66%,5.83%,'0.91,4.71%,15.96%,'802,'+15.94%,银行
'10,SH601857.中国石油,'8.64,'+0.58%,'0.61,'9.54,14.92%,0.53%,'1.01,5.44%,10.85%,'13990,'-0.58%,石油行业
'11,SZ002839.张家港行,'4.53,'-0.88%,'0.61,'5.89,9.72%,4.34%,'0.56,4.38%,10.07%,'112,'+8.55%,银行
'12,SH601128.常熟银行,'7.68,'+0.26%,'0.62,'6.46,10.54%,3.17%,'0.86,2.96%,14.12%,'255,'+15.20%,银行
'13,SZ002807.江阴银行,'4.76,'-0.83%,'0.63,'5.78,9.46%,3.35%,'0.63,4.17%,11.30%,'118,'+14.61%,银行
'14,SH600919.江苏银行,'11.69,'-0.60%,'0.64,'6.58,10.38%,5.33%,'0.69,4.45%,11.42%,'2145,'+25.03%,银行
'15,SH601717.中创智领,'17.39,0.00%,'0.66,'7.80,12.93%,5.04%,'1.38,6.44%,18.16%,'268,'+42.96%,汽车零部件
'16,SH600219.南山铝业,'4.05,'+0.75%,'0.68,'8.28,12.03%,6.45%,'0.91,4.21%,11.42%,'470,'+6.16%,有色金属
'17,SH688516.奥特维,'35.60,'+1.83%,'0.68,'10.39,16.23%,1.15%,'2.66,6.90%,26.23%,'112,'-13.77%,光伏设备
'18,SZ000404.长虹华意,'7.35,'-0.54%,'0.71,'10.70,17.29%,0.14%,'1.23,4.06%,11.99%,'51,'+3.59%,家电行业
'19,SZ300274.阳光电源,'76.90,'+1.98%,'0.72,'12.25,17.66%,4.20%,'3.83,1.43%,36.17%,'1563,'+5.92%,光伏设备
'20,SH600908.无锡银行,'6.15,'-0.49%,'0.73,'5.94,8.34%,1.56%,'0.57,3.58%,9.97%,'135,'+7.69%,银行
'21,SH601518.吉林高速,'2.73,'-0.73%,'0.73,'9.67,13.79%,0.03%,'0.94,3.15%,10.03%,'52,'+1.35%,铁路公路
'22,SZ002532.天山铝业,'9.20,'+0.33%,'0.73,'8.90,12.56%,2.42%,'1.53,4.36%,18.20%,'427,'+19.79%,有色金属
'23,SH600362.江西铜业,'23.52,'+2.57%,'0.74,'11.31,12.23%,3.31%,'1.02,2.98%,9.48%,'488,'+17.30%,有色金属
'24,SH600502.安徽建工,'4.83,'-0.41%,'0.74,'6.16,9.01%,1.29%,'0.50,5.59%,9.14%,'83,'+6.93%,工程建设
'25,SZ002142.宁波银行,'28.92,'+1.51%,'0.74,'6.83,9.17%,3.77%,'0.80,3.16%,12.37%,'1881,'+22.93%,银行
'26,SZ002060.广东建工,'3.66,'-0.27%,'0.75,'12.06,15.95%,0.73%,'0.99,3.81%,8.45%,'138,'+4.13%,工程建设
'27,SH600968.海油发展,'4.07,'+0.25%,'0.76,'11.04,13.83%,1.57%,'1.49,3.32%,14.17%,'414,'-1.55%,采掘行业
'28,SH601137.博威合金,'18.89,'+1.78%,'0.76,'10.89,14.61%,0.61%,'1.75,2.65%,17.54%,'153,'-4.21%,有色金属
'29,SH601577.长沙银行,'10.21,'+0.20%,'0.76,'5.19,6.83%,3.61%,'0.52,4.11%,10.71%,'411,'+19.70%,银行
'30,SZ000001.平安银行,'12.46,'-0.08%,'0.77,'5.54,7.14%,4.27%,'0.48,4.88%,8.81%,'2420,'+9.85%,银行
'31,SZ002966.苏州银行,'8.69,'-0.46%,'0.77,'7.55,9.95%,2.67%,'0.68,4.22%,9.87%,'390,'+9.63%,银行
'32,SH603393.新天然气,'29.22,'+0.14%,'0.78,'10.06,13.05%,0.74%,'1.45,3.08%,15.21%,'124,'-3.47%,燃气
'33,SH603993.洛阳钼业,'9.51,'+1.39%,'0.78,'13.21,17.35%,3.69%,'2.72,2.70%,22.55%,'1661,'+47.60%,小金属
'34,SH601058.赛轮轮胎,'13.29,'+0.45%,'0.79,'10.74,13.84%,4.31%,'2.13,2.86%,21.55%,'437,'-5.49%,橡胶制品
'35,SZ002948.青岛银行,'5.11,'+0.99%,'0.79,'6.63,8.58%,1.83%,'0.66,3.16%,10.37%,'179,'+35.89%,银行
'36,SZ000411.英特集团,'11.20,'-1.50%,'0.80,'11.42,14.64%,0.33%,'1.25,3.37%,11.41%,'59,'+8.92%,医药商业
'37,SH600970.中材国际,'9.12,'-0.22%,'0.81,'8.00,11.09%,2.35%,'1.11,4.93%,14.51%,'241,'+1.13%,工程建设
'38,SH600483.福能股份,'9.59,'+0.21%,'0.82,'8.83,10.93%,0.68%,'1.02,3.23%,12.43%,'267,'-0.70%,电力行业
'39,SH603613.国联股份,'24.03,'-0.54%,'0.82,'12.27,15.41%,1.14%,'2.14,0.27%,18.91%,'173,'-9.34%,互联网服务
'40,SH603889.新澳股份,'6.13,'+0.99%,'0.82,'10.33,13.04%,0.34%,'1.27,4.89%,12.77%,'45,'-8.05%,纺织服装
'41,SZ002648.卫星化学,'19.03,'+0.42%,'0.82,'9.65,11.61%,4.46%,'2.01,2.64%,22.68%,'638,'+4.33%,化学原料
'42,SH601319.中国人保,'8.44,'+0.48%,'0.84,'7.98,9.52%,0.99%,'1.34,0.75%,17.81%,'2996,'+11.79%,保险
'43,SH601958.金钼股份,'12.95,'+1.09%,'0.84,'13.80,16.71%,2.76%,'2.36,3.09%,17.97%,'418,'+28.73%,小金属
'44,SH600531.豫光金铅,'8.73,'+0.11%,'0.88,'10.98,13.69%,3.13%,'1.66,2.58%,16.15%,'95,'+39.89%,有色金属
'45,SZ002752.昇兴股份,'5.77,'+0.35%,'0.88,'14.24,17.17%,0.74%,'1.60,1.74%,11.75%,'56,'-7.51%,包装材料
'46,SH601702.华峰铝业,'16.40,'+1.80%,'0.89,'13.31,15.32%,0.47%,'2.82,1.83%,23.27%,'164,'-8.78%,有色金属
'47,SZ002984.森麒麟,'19.40,0.00%,'0.89,'9.83,11.35%,0.67%,'1.45,2.57%,15.67%,'201,'-20.11%,橡胶制品
'48,SH603871.嘉友国际,'11.61,'-1.19%,'0.90,'12.90,14.63%,0.55%,'2.71,4.31%,22.27%,'159,'-13.61%,物流行业
'49,SH600888.新疆众和,'7.15,'+0.42%,'0.91,'9.23,12.43%,0.89%,'0.89,3.78%,10.13%,'100,'+4.77%,有色金属
'50,SH601117.中国化学,'8.02,'+0.25%,'0.91,'8.28,9.30%,4.82%,'0.77,2.22%,9.65%,'490,'-3.26%,工程建设
'51,SZ000885.城发环境,'14.12,'-0.28%,'0.91,'7.63,8.69%,0.85%,'1.04,2.51%,14.46%,'91,'+10.61%,环保行业
'52,SZ000897.津滨发展,'2.34,'+1.30%,'0.91,'10.84,11.90%,'-,'1.16,4.11%,11.30%,'37,'+2.74%,房地产开发
'53,SZ001872.招商港口,'20.36,'+0.30%,'0.91,'11.11,13.05%,0.46%,'0.81,3.65%,7.46%,'471,'+3.11%,航运港口
'54,SZ002158.汉钟精机,'17.35,'+0.35%,'0.91,'11.09,12.78%,0.77%,'2.14,3.35%,20.48%,'92,'-3.21%,通用设备
'55,SZ000544.中原环保,'8.60,'+0.12%,'0.92,'8.60,10.16%,0.53%,'0.82,3.03%,10.47%,'84,'+1.67%,公用事业
'56,SH603299.苏盐井神,'10.79,'+0.94%,'0.93,'11.99,14.59%,0.40%,'1.35,4.11%,11.71%,'84,'+1.43%,化学原料
'57,SH605117.德业股份,'52.33,'+0.15%,'0.93,'14.64,16.96%,3.57%,'4.61,5.18%,40.42%,'473,'-10.87%,光伏设备
'58,SZ000921.海信家电,'25.40,'-0.16%,'0.95,'10.34,13.64%,3.05%,'2.20,3.99%,22.59%,'235,'-12.11%,家电行业
'59,SH603227.雪峰科技,'8.46,'+0.71%,'0.96,'14.90,16.03%,0.62%,'1.82,2.36%,12.68%,'91,'-0.41%,化学制品
'60,SZ000807.云铝股份,'16.10,'+1.19%,'0.96,'13.07,13.66%,5.67%,'1.88,2.58%,15.02%,'552,'+20.39%,有色金属
'61,SZ002588.史丹利,'9.22,'-0.11%,'0.96,'12.14,14.33%,1.94%,'1.49,2.82%,13.00%,'106,'+28.64%,化肥行业
'62,SH601975.招商南油,'2.90,'+1.40%,'0.97,'9.07,10.25%,1.34%,'1.25,0.00%,14.87%,'139,'-7.35%,航运港口
'63,SZ000596.古井贡酒,'139.47,'-0.39%,'0.97,'12.80,13.37%,1.26%,'2.80,4.29%,23.11%,'572,'-16.02%,酿酒行业
'64,SZ300926.博俊科技,'26.90,'+0.49%,'0.97,'17.57,17.96%,0.33%,'4.41,0.54%,29.54%,'116,'+22.95%,汽车零部件
'65,SH600039.四川路桥,'8.34,'-0.95%,'0.98,'10.05,11.59%,1.32%,'1.46,4.96%,14.95%,'726,'+19.54%,工程建设
'66,SH600269.赣粤高速,'5.15,'-0.19%,'0.99,'9.14,10.95%,1.98%,'0.63,3.30%,7.08%,'120,'-5.17%,铁路公路
'67,SH600873.梅花生物,'11.12,'-0.71%,'0.99,'10.55,10.85%,2.82%,'2.05,5.41%,19.84%,'317,'+15.26%,化学制品
'68,SZ002116.中国海诚,'10.50,'-0.57%,'0.99,'15.11,16.48%,0.30%,'1.90,2.93%,13.14%,'49,'+8.43%,工程咨询服务
'69,SH601567.三星医疗,'22.79,'+0.31%,'1.00,'13.43,14.04%,3.40%,'2.54,3.92%,20.09%,'320,'-22.97%,电网设备
'70,SZ002128.电投能源,'20.50,'+1.08%,'1.00,'9.17,9.62%,1.28%,'1.25,4.19%,14.30%,'455,'+9.11%,煤炭行业
'71,SZ300360.炬华科技,'16.03,'+0.25%,'1.00,'11.30,12.61%,2.99%,'1.99,3.75%,18.52%,'82,'-1.93%,电网设备
'72,SH600461.洪城环境,'9.34,'-1.06%,'1.01,'10.01,10.21%,0.63%,'1.23,4.97%,12.95%,'120,'-1.44%,公用事业
'73,SH600737.中粮糖业,'10.04,'+0.30%,'1.01,'14.81,14.59%,0.71%,'1.84,1.99%,12.44%,'215,'-1.67%,食品饮料
'74,SH600216.浙江医药,'15.77,'-0.57%,'1.02,'10.39,10.25%,7.41%,'1.37,2.35%,14.03%,'152,'+1.85%,化学制药
'75,SH601899.紫金矿业,'20.16,'+1.46%,'1.02,'14.90,14.81%,7.72%,'3.67,1.88%,27.38%,'4151,'+35.27%,有色金属
'76,SZ000755.山西高速,'4.99,'-0.40%,'1.02,'15.04,14.82%,0.31%,'1.35,3.99%,9.32%,'74,'+2.58%,铁路公路
'77,SZ002478.常宝股份,'5.57,'+0.36%,'1.02,'8.63,10.23%,0.60%,'0.87,3.96%,10.39%,'50,'+9.76%,钢铁行业
'78,SH600060.海信视像,'22.51,'-1.96%,'1.03,'12.59,15.09%,4.35%,'1.45,3.58%,11.86%,'294,'+12.89%,家电行业
'79,SH600690.海尔智家,'25.23,'+0.80%,'1.03,'12.17,12.41%,7.19%,'2.01,3.82%,17.29%,'1578,'-8.18%,家电行业
'80,SH601009.南京银行,'11.98,'+0.17%,'1.03,'7.20,7.08%,2.88%,'0.77,4.09%,11.17%,'1481,'+14.38%,银行
'81,SH600863.内蒙华电,'4.06,'+0.25%,'1.04,'12.15,11.91%,0.61%,'1.41,5.42%,11.46%,'265,'-1.28%,电力行业
'82,SH601001.晋控煤业,'14.50,'+6.62%,'1.04,'9.55,9.20%,1.32%,'1.27,5.21%,13.74%,'243,'+11.94%,煤炭行业
'83,SH603298.杭叉集团,'21.70,'+1.73%,'1.04,'13.67,13.35%,4.11%,'2.68,2.30%,21.25%,'284,'+24.52%,工程机械
'84,SZ002001.新和成,'22.26,'+0.14%,'1.04,'9.93,9.56%,6.24%,'2.23,3.15%,24.43%,'683,'+4.55%,化学制药
'85,SZ002895.川恒股份,'25.03,'+1.01%,'1.04,'14.71,14.53%,0.73%,'2.36,4.38%,16.75%,'151,'+7.09%,化学原料
'86,SH603198.迎驾贡酒,'41.16,'+0.10%,'1.05,'13.15,12.67%,1.12%,'3.09,3.64%,25.15%,'329,'-20.82%,酿酒行业
'87,SZ002170.芭田股份,'10.31,'+0.49%,'1.05,'18.83,17.97%,1.07%,'2.93,2.72%,17.95%,'99,'+21.23%,化肥行业
'88,SH601872.招商轮船,'6.25,'+2.12%,'1.06,'10.98,10.60%,2.93%,'1.24,4.11%,11.64%,'505,'-0.16%,航运港口
'89,SH603355.莱克电气,'23.55,'+0.04%,'1.07,'11.38,11.40%,1.17%,'2.61,6.37%,24.19%,'135,'+3.97%,家电行业
'90,SH603556.海兴电力,'27.64,'+2.64%,'1.08,'14.46,13.88%,2.14%,'1.85,2.53%,13.17%,'134,'-23.17%,电网设备
'91,SZ002083.孚日股份,'5.01,'+0.81%,'1.09,'12.22,11.26%,'-,'1.04,5.51%,9.10%,'47,'+5.61%,纺织服装
'92,SZ300514.友讯达,'13.93,'+0.51%,'1.09,'15.66,15.15%,'-,'2.64,2.16%,18.03%,'28,'-1.44%,电网设备
'93,SH600036.招商银行,'45.12,'-0.29%,'1.10,'7.71,7.04%,6.62%,'0.91,4.43%,12.48%,'9308,'+19.78%,银行
'94,SH600098.广州发展,'6.49,'+0.31%,'1.10,'13.10,12.67%,0.67%,'0.85,4.16%,6.59%,'228,'+5.41%,电力行业
'95,SH600853.龙建股份,'3.75,'-0.79%,'1.10,'9.17,8.60%,'-,'1.02,1.07%,12.84%,'38,'-5.19%,工程建设
'96,SH601669.中国电建,'6.33,'-1.40%,'1.11,'9.40,9.24%,2.96%,'0.66,2.01%,7.03%,'1090,'+18.92%,工程建设
'97,SH601187.厦门银行,'7.10,0.00%,'1.12,'7.53,6.68%,2.96%,'0.59,4.37%,7.96%,'187,'+28.87%,银行
'98,SH603568.伟明环保,'19.20,'-0.05%,'1.12,'12.09,11.15%,1.31%,'2.33,2.50%,21.09%,'327,'-9.03%,环保行业
'99,SZ002296.辉煌科技,'11.63,'+0.87%,'1.12,'15.15,13.56%,'-,'1.89,1.73%,13.17%,'45,'+20.77%,通信设备
'100,SZ002318.久立特材,'22.33,'+0.90%,'1.12,'13.94,12.24%,4.57%,'2.66,4.38%,20.03%,'216,'-0.77%,钢铁行业
'101,SH600487.亨通光电,'16.20,'+0.37%,'1.13,'14.21,13.00%,2.61%,'1.36,1.42%,10.13%,'400,'-4.50%,通信设备
'102,SH601225.陕西煤业,'21.43,'+5.62%,'1.14,'9.23,8.91%,2.48%,'2.15,6.29%,23.53%,'2078,'-2.07%,煤炭行业
'103,SH601628.中国人寿,'41.52,'+0.65%,'1.14,'10.20,8.90%,0.38%,'2.20,1.57%,22.73%,'8646,'+0.17%,保险
'104,SH601101.昊华能源,'7.80,'+4.00%,'1.15,'13.04,11.45%,2.18%,'0.91,5.87%,7.15%,'112,'+0.84%,煤炭行业
'105,SH601601.中国太保,'37.40,'-0.40%,'1.15,'8.40,7.29%,3.19%,'1.36,2.89%,16.43%,'2560,'+12.97%,保险
'106,SH605166.聚合顺,'11.77,'+3.98%,'1.15,'11.92,10.61%,'-,'1.89,1.13%,16.61%,'37,'-0.48%,化学制品
'107,SZ002098.浔兴股份,'9.49,'+0.42%,'1.15,'15.58,13.69%,'-,'2.46,1.06%,16.97%,'34,'+20.12%,纺织服装
'108,SZ300705.九典制药,'17.66,'-2.97%,'1.15,'17.76,16.02%,1.41%,'3.44,1.71%,21.55%,'91,'+0.34%,化学制药
'109,SH600729.重庆百货,'28.86,'-0.21%,'1.16,'9.38,8.91%,2.83%,'1.60,4.72%,17.90%,'127,'+3.50%,商业百货
'110,SH601998.中信银行,'8.38,'-0.59%,'1.17,'6.77,5.85%,0.91%,'0.58,4.15%,8.75%,'3416,'+22.41%,银行
'111,SH603979.金诚信,'49.46,'-0.10%,'1.17,'17.81,15.42%,2.23%,'3.27,0.91%,20.28%,'309,'+37.65%,采掘行业
'112,SH600713.南京医药,'5.21,'-1.70%,'1.18,'11.58,9.78%,0.86%,'0.97,3.26%,8.65%,'68,'+8.58%,医药商业
'113,SZ000568.泸州老窖,'127.58,'+0.45%,'1.18,'13.86,11.80%,2.22%,'3.73,1.07%,27.99%,'1870,'+3.10%,酿酒行业
'114,SZ002215.诺普信,'11.88,'-0.25%,'1.18,'15.81,14.94%,2.31%,'2.68,2.94%,17.44%,'120,'+9.05%,农药兽药
'115,SZ002947.恒铭达,'34.22,'+0.82%,'1.18,'17.58,15.30%,0.77%,'2.66,1.77%,18.31%,'87,'+4.58%,消费电子
'116,SH600188.兖矿能源,'13.31,'+2.54%,'1.19,'9.99,8.68%,1.84%,'1.56,5.79%,16.24%,'794,'-2.00%,煤炭行业
'117,SH600211.西藏药业,'42.12,'-4.01%,'1.19,'13.47,12.99%,0.80%,'3.31,4.65%,25.97%,'136,'+17.14%,生物制品
'118,SH600489.中金黄金,'14.83,'+0.34%,'1.19,'19.74,14.91%,3.20%,'2.53,2.62%,13.22%,'719,'+26.58%,贵金属
'119,SH600710.苏美达,'10.85,'-1.27%,'1.19,'12.06,11.02%,4.33%,'1.81,3.40%,15.76%,'142,'+21.28%,贸易行业
'120,SH603055.台华新材,'9.88,'+1.75%,'1.19,'11.90,13.13%,0.36%,'1.70,2.53%,15.14%,'88,'-8.45%,纺织服装
'121,SH601336.新华保险,'68.00,'+0.59%,'1.20,'7.81,6.49%,2.90%,'2.66,2.04%,31.26%,'1418,'+36.82%,保险
'122,SH605090.九丰能源,'28.62,'+0.21%,'1.20,'11.15,11.71%,0.63%,'1.93,4.17%,18.77%,'191,'+3.41%,燃气
'123,SH600582.天地科技,'6.32,'+0.48%,'1.21,'7.77,9.56%,1.80%,'1.01,5.02%,13.59%,'262,'+7.70%,专用设备
'124,SH601107.四川成渝,'5.64,'-1.23%,'1.21,'11.32,9.80%,1.27%,'0.86,5.14%,8.44%,'122,'+12.90%,铁路公路
'125,SH603279.景津装备,'15.80,'-0.44%,'1.21,'11.58,9.67%,3.81%,'1.97,6.71%,17.88%,'91,'-9.41%,通用设备
'126,SH603338.浙江鼎力,'50.32,'+0.46%,'1.21,'14.52,12.41%,6.77%,'2.44,1.99%,17.88%,'255,'-20.22%,工程机械
'127,SZ000554.泰山石油,'6.86,'-0.15%,'1.22,'24.69,18.90%,'-,'3.02,1.51%,13.03%,'33,'+16.81%,石油行业
'128,SZ000683.博源化工,'5.73,0.00%,'1.22,'13.48,9.52%,0.53%,'1.43,5.24%,10.88%,'213,'+8.83%,化学原料
'129,SH600368.五洲交通,'4.33,0.00%,'1.23,'10.24,9.06%,0.41%,'0.99,3.03%,10.02%,'70,'-6.38%,铁路公路
'130,SH600809.山西汾酒,'182.10,'+0.45%,'1.23,'17.59,14.29%,4.02%,'5.79,3.33%,34.84%,'2222,'+2.34%,酿酒行业
'131,SZ000598.兴蓉环境,'7.14,'+0.42%,'1.24,'10.36,8.48%,1.35%,'1.13,2.63%,11.41%,'212,'-3.50%,公用事业
'132,SZ002056.横店东磁,'15.82,'+0.32%,'1.24,'13.28,11.49%,3.04%,'2.44,2.87%,19.96%,'257,'+26.19%,光伏设备
'133,SZ300842.帝科股份,'44.33,'+1.98%,'1.24,'28.16,16.01%,0.49%,'3.61,0.68%,13.94%,'62,'+8.97%,光伏设备
'134,SZ300881.盛德鑫泰,'37.18,'-1.09%,'1.24,'18.34,14.96%,'-,'3.76,2.66%,21.86%,'41,'+24.99%,钢铁行业
'135,SH600015.华夏银行,'8.08,0.00%,'1.25,'4.79,3.86%,3.22%,'0.35,5.01%,7.77%,'1286,'+6.13%,银行
'136,SH600233.圆通速递,'15.85,'+1.93%,'1.25,'13.81,11.52%,1.61%,'1.67,2.29%,12.61%,'542,'+14.84%,物流行业
'137,SH603799.华友钴业,'42.82,'+0.85%,'1.26,'14.92,12.99%,8.79%,'1.89,1.17%,13.31%,'729,'+48.51%,能源金属
'138,SZ000913.钱江摩托,'16.58,'+0.42%,'1.26,'13.94,13.66%,2.13%,'1.78,4.72%,13.18%,'87,'-5.49%,交运设备
'139,SH603369.今世缘,'39.45,'-0.33%,'1.27,'13.96,11.12%,2.75%,'2.88,3.04%,22.08%,'492,'-10.32%,酿酒行业
'140,SZ000651.格力电器,'46.90,'+0.39%,'1.27,'7.83,6.59%,6.82%,'1.83,2.14%,25.25%,'2617,'+5.43%,家电行业
'141,SH688596.正帆科技,'35.35,'+1.03%,'1.29,'19.25,16.14%,0.56%,'2.76,0.79%,15.78%,'103,'+0.27%,专用设备
'142,SH601168.西部矿业,'17.47,'+0.58%,'1.30,'13.09,10.32%,4.92%,'2.51,5.72%,19.66%,'416,'+15.73%,有色金属
'143,SH601900.南方传媒,'14.37,'+0.14%,'1.30,'12.96,9.04%,0.64%,'1.48,3.83%,11.72%,'127,'-1.28%,文化传媒
'144,SH601619.嘉泽新能,'3.81,'+0.79%,'1.31,'13.79,10.29%,1.07%,'1.33,2.89%,9.83%,'93,'+18.05%,电力行业
'145,SZ002533.金杯电工,'10.94,'-0.27%,'1.31,'13.66,11.79%,2.19%,'1.96,4.10%,14.83%,'81,'+14.00%,电网设备
'146,SH600546.山煤国际,'10.26,'+4.69%,'1.32,'10.48,7.28%,1.35%,'1.21,6.73%,11.70%,'203,'-6.70%,煤炭行业
'147,SH601677.明泰铝业,'12.72,'+0.16%,'1.32,'8.66,7.68%,1.91%,'0.89,1.33%,10.75%,'158,'+7.22%,有色金属
'148,SH600575.淮河能源,'3.55,'+0.28%,'1.34,'16.95,13.39%,0.38%,'1.17,3.38%,7.05%,'138,'-10.58%,电力行业
'149,SZ000719.中原传媒,'13.16,'-0.08%,'1.34,'12.17,7.60%,4.79%,'1.16,4.56%,9.81%,'135,'+21.42%,文化传媒
'150,SZ002096.易普力,'13.98,'-1.27%,'1.34,'23.63,18.75%,0.52%,'2.30,1.62%,10.07%,'176,'+19.55%,化学制品
'151,SH600780.通宝能源,'6.00,'-0.33%,'1.35,'12.56,9.84%,0.76%,'0.87,3.00%,7.13%,'69,'+6.57%,电力行业
'152,SH600803.新奥股份,'18.85,'+0.11%,'1.35,'13.30,11.34%,3.88%,'2.36,5.46%,17.77%,'584,'-8.29%,燃气
'153,SH603995.甬金股份,'17.96,'-0.22%,'1.35,'8.35,7.35%,3.41%,'1.13,2.78%,14.20%,'66,'+1.20%,钢铁行业
'154,SZ002758.浙农股份,'9.03,'-1.42%,'1.35,'12.52,10.81%,2.25%,'1.00,3.28%,8.14%,'48,'+6.63%,综合行业
'155,SZ002832.比音勒芬,'16.07,'+0.69%,'1.35,'12.14,9.48%,0.56%,'1.68,3.13%,14.06%,'91,'-22.60%,纺织服装
'156,SZ002850.科达利,'116.68,'+2.03%,'1.35,'20.17,15.48%,2.43%,'2.54,1.75%,13.42%,'313,'+21.58%,电池
'157,SH603357.设计总院,'8.72,'-0.23%,'1.36,'10.05,7.55%,0.68%,'1.27,3.21%,13.17%,'49,'-0.54%,工程咨询服务
'158,SH603600.永艺股份,'10.97,'+0.27%,'1.36,'11.65,8.78%,'-,'1.57,4.20%,13.86%,'36,'-5.08%,装修建材
'159,SH603766.隆鑫通用,'12.71,'+4.87%,'1.36,'19.04,14.40%,5.19%,'2.69,3.15%,15.07%,'261,'+43.71%,交运设备
'160,SZ000875.吉电股份,'5.22,'+0.77%,'1.36,'17.02,14.75%,0.38%,'1.08,0.31%,7.39%,'188,'-0.44%,电力行业
'161,SH605183.确成股份,'20.48,'-0.78%,'1.37,'15.31,11.35%,0.46%,'2.45,1.46%,17.11%,'85,'+23.59%,橡胶制品
'162,SZ000563.陕国投Ａ,'3.62,'-0.28%,'1.37,'13.45,10.65%,0.87%,'1.02,2.48%,7.73%,'186,'+3.18%,多元金融
'163,SZ300750.宁德时代,'265.00,'-0.26%,'1.37,'20.76,16.98%,13.78%,'4.11,2.18%,23.77%,'11700,'+2.10%,电池
'164,SZ000630.铜陵有色,'4.03,'+10.11%,'1.39,'16.48,12.38%,1.76%,'1.34,2.73%,8.37%,'468,'+28.72%,有色金属
'165,SZ001914.招商积余,'13.02,'+2.60%,'1.39,'15.48,11.65%,1.51%,'1.26,1.34%,8.44%,'135,'+23.18%,房地产服务
'166,SZ300856.科思股份,'15.17,'+0.33%,'1.40,'18.41,13.91%,0.51%,'2.55,4.25%,13.75%,'72,'-15.93%,美容护理
'167,SH603100.川仪股份,'20.59,'+0.78%,'1.41,'14.22,12.29%,0.68%,'2.39,2.79%,17.41%,'106,'-1.79%,仪器仪表
'168,SH601658.邮储银行,'5.90,'+0.85%,'1.42,'8.26,5.85%,0.94%,'0.71,3.51%,8.57%,'5914,'+9.02%,银行
'169,SH603283.赛腾股份,'39.39,'-2.23%,'1.42,'20.78,15.65%,0.40%,'3.42,1.02%,19.38%,'110,'-19.64%,专用设备
'170,SH603605.珀莱雅,'82.39,'-0.12%,'1.42,'19.91,14.32%,11.99%,'5.63,1.44%,31.86%,'326,'-1.32%,美容护理
'171,SZ002053.云南能投,'10.72,'-0.19%,'1.42,'18.33,13.12%,0.50%,'1.29,3.07%,7.25%,'99,'-3.19%,综合行业
'172,SZ002835.同为股份,'18.93,'+0.27%,'1.42,'19.80,15.01%,'-,'3.35,1.69%,18.10%,'41,'+0.29%,计算机设备
'173,SH600660.福耀玻璃,'55.56,'-0.41%,'1.43,'17.81,12.78%,18.64%,'3.84,3.24%,23.06%,'1113,'-8.12%,玻璃玻纤
'174,SH600420.国药现代,'11.27,'-0.79%,'1.44,'13.57,9.87%,0.69%,'1.11,2.66%,8.47%,'151,'-3.89%,化学制药
'175,SZ000088.盐田港,'4.59,'+0.44%,'1.44,'16.91,13.50%,0.28%,'1.31,2.84%,8.85%,'238,'-3.06%,航运港口
'176,SH600757.长江传媒,'9.72,'+1.04%,'1.45,'10.88,7.15%,2.09%,'1.19,4.22%,11.26%,'118,'+5.96%,文化传媒
'177,SH601390.中国中铁,'5.68,0.00%,'1.45,'5.32,4.28%,3.04%,'0.39,3.13%,7.51%,'1166,'-8.28%,工程建设
'178,SH603855.华荣股份,'21.64,'+1.12%,'1.45,'14.80,10.79%,3.20%,'3.26,4.62%,23.11%,'73,'+11.95%,专用设备
'179,SZ002543.万和电气,'12.97,'+10.01%,'1.45,'13.07,8.83%,4.15%,'1.78,3.73%,13.93%,'88,'+29.21%,家电行业
'180,SH600901.江苏金租,'5.93,'-1.33%,'1.46,'11.44,7.97%,1.31%,'1.38,4.55%,13.71%,'343,'+18.70%,多元金融
'181,SH603129.春风动力,'244.01,'+7.59%,'1.46,'23.13,16.11%,3.88%,'5.52,1.58%,26.73%,'372,'+58.75%,交运设备
'182,SZ000728.国元证券,'8.63,'+0.12%,'1.46,'15.53,10.68%,5.38%,'1.01,1.86%,6.69%,'376,'+5.33%,证券
'183,SH600018.上港集团,'5.70,0.00%,'1.47,'8.75,6.56%,0.71%,'0.97,3.42%,11.47%,'1327,'-4.45%,航运港口
'184,SH600551.时代出版,'9.23,'-1.07%,'1.47,'15.74,13.46%,2.96%,'1.07,4.33%,6.85%,'63,'+10.91%,文化传媒
'185,SH603345.安井食品,'73.82,'-0.42%,'1.47,'17.07,13.02%,4.07%,'1.84,4.53%,10.92%,'217,'-7.05%,食品饮料
'186,SZ002444.巨星科技,'32.40,'+0.68%,'1.47,'16.35,11.21%,1.65%,'2.27,1.56%,14.61%,'384,'+0.15%,通用设备
'187,SZ002997.瑞鹄模具,'40.91,'+2.15%,'1.47,'20.17,14.71%,0.25%,'3.59,0.75%,19.30%,'84,'+19.07%,汽车零部件
'188,SH601016.节能风电,'3.01,'-0.33%,'1.48,'15.11,10.48%,0.96%,'1.08,2.46%,7.33%,'195,'-2.64%,电力行业
'189,SZ000791.甘肃能源,'6.66,'+0.30%,'1.48,'10.39,12.70%,0.21%,'1.53,2.71%,18.17%,'215,'+13.63%,电力行业
'190,SH601126.四方股份,'17.24,'+0.88%,'1.49,'18.51,12.82%,2.15%,'2.97,4.18%,16.76%,'144,'+6.11%,电网设备
'191,SH601928.凤凰传媒,'10.99,'+0.18%,'1.50,'16.00,8.56%,1.77%,'1.39,4.55%,8.81%,'280,'-0.56%,文化传媒
'192,SZ000902.新洋丰,'14.62,'+1.53%,'1.50,'12.16,8.52%,1.25%,'1.63,2.08%,14.13%,'181,'+14.65%,化肥行业
'193,SH600323.瀚蓝环境,'27.54,'+0.47%,'1.51,'13.19,8.90%,0.68%,'1.62,2.90%,12.94%,'225,'+20.56%,环保行业
'194,SH600517.国网英大,'5.39,'+0.37%,'1.51,'17.49,11.76%,0.77%,'1.40,1.54%,8.29%,'308,'-1.20%,多元金融
'195,SZ000039.中集集团,'8.17,'-0.24%,'1.51,'12.87,7.79%,1.08%,'0.88,2.15%,6.88%,'189,'+7.46%,通用设备
'196,SZ300415.伊之密,'21.70,'+2.17%,'1.51,'15.94,10.88%,2.80%,'3.21,2.35%,21.67%,'100,'+10.82%,专用设备
'197,SZ300910.瑞丰新材,'57.14,'+2.11%,'1.51,'21.66,15.25%,1.34%,'4.66,2.14%,23.09%,'166,'+22.53%,化学制品
'198,SH601800.中国交建,'9.21,'-0.11%,'1.52,'6.60,5.21%,0.96%,'0.47,3.28%,7.22%,'1092,'-8.89%,工程建设
'199,SZ300316.晶盛机电,'28.57,'+1.42%,'1.52,'18.33,13.12%,3.29%,'2.15,1.42%,12.12%,'369,'-9.14%,光伏设备
'200,SH600995.南网储能,'10.13,'+0.20%,'1.53,'26.64,17.04%,0.25%,'1.49,1.04%,5.67%,'324,'+0.78%,电力行业
'201,SZ300181.佐力药业,'19.13,'-2.05%,'1.53,'25.06,16.37%,0.61%,'4.39,3.07%,18.27%,'137,'+29.16%,中药
'202,SZ300827.上能电气,'23.55,'+1.07%,'1.53,'25.71,16.99%,0.89%,'5.20,0.37%,22.41%,'117,'-24.78%,光伏设备
'203,SZ000893.亚钾国际,'31.57,'-0.79%,'1.54,'23.45,15.95%,1.50%,'2.43,0.00%,10.73%,'294,'+56.60%,化肥行业
'204,SZ002991.甘源食品,'56.79,'+1.10%,'1.54,'15.51,11.16%,0.05%,'2.96,9.00%,19.16%,'52,'-37.61%,食品饮料
'205,SZ300693.盛弘股份,'33.34,'+0.03%,'1.54,'23.94,15.93%,3.06%,'5.51,1.50%,25.29%,'104,'+25.64%,电源设备
'206,SH601169.北京银行,'6.52,'-0.46%,'1.55,'5.38,3.45%,4.46%,'0.38,4.91%,7.35%,'1379,'+11.25%,银行
'207,SH601811.新华文轩,'15.72,'+1.95%,'1.55,'12.13,7.43%,1.57%,'1.31,3.82%,11.29%,'124,'+1.86%,文化传媒
'208,SZ002906.华阳集团,'30.62,'+1.06%,'1.55,'23.93,15.90%,0.41%,'2.40,1.58%,10.44%,'159,'+1.09%,汽车零部件
'209,SZ002941.新疆交建,'12.43,'+2.39%,'1.55,'24.08,13.64%,0.89%,'2.19,1.24%,9.44%,'78,'+12.81%,工程建设
'210,SZ300577.开润股份,'20.90,'+0.38%,'1.55,'12.63,10.88%,0.13%,'2.26,1.62%,19.20%,'50,'-15.12%,纺织服装
'211,SH601369.陕鼓动力,'8.94,'+0.22%,'1.56,'14.61,10.26%,0.80%,'1.69,5.04%,11.64%,'154,'+5.93%,通用设备
'212,SH603611.诺力股份,'26.00,'+0.58%,'1.56,'14.28,10.43%,2.18%,'2.17,3.45%,16.03%,'67,'+51.00%,工程机械
'213,SH603713.密尔克卫,'54.30,'+0.15%,'1.56,'14.64,9.91%,8.00%,'1.93,1.31%,13.65%,'86,'+7.50%,物流行业
'214,SH603998.方盛制药,'11.03,'-2.82%,'1.56,'17.72,14.77%,'-,'2.91,2.81%,17.09%,'48,'+8.60%,中药
'215,SZ002154.报喜鸟,'3.87,'+1.04%,'1.56,'13.46,9.79%,0.88%,'1.23,3.13%,9.09%,'56,'-11.08%,纺织服装
'216,SZ002536.飞龙股份,'19.59,'+9.99%,'1.56,'28.73,16.70%,0.58%,'3.03,2.25%,10.77%,'102,'+72.78%,汽车零部件
'217,SH600874.创业环保,'5.93,'-0.50%,'1.57,'11.49,8.16%,1.13%,'0.94,2.87%,8.40%,'73,'+2.14%,环保行业
'218,SH600268.国电南自,'9.28,'+0.43%,'1.58,'24.24,15.86%,6.99%,'2.80,1.51%,12.07%,'94,'+40.65%,电网设备
'219,SH601666.平煤股份,'8.44,'+2.30%,'1.58,'11.84,7.51%,0.47%,'0.78,7.13%,6.36%,'208,'-9.70%,煤炭行业
'220,SH601916.浙商银行,'3.44,'-0.58%,'1.58,'6.21,3.92%,3.05%,'0.47,4.53%,7.72%,'741,'+23.45%,银行
'221,SH603179.新泉股份,'48.45,'+4.87%,'1.58,'23.95,15.35%,3.41%,'4.04,0.62%,18.04%,'236,'+14.22%,汽车零部件
'222,SZ000887.中鼎股份,'18.89,'+2.16%,'1.59,'18.82,13.39%,1.88%,'1.82,0.81%,10.04%,'243,'+45.23%,汽车零部件
'223,SZ002003.伟星股份,'10.95,'-0.09%,'1.59,'17.73,11.31%,2.41%,'2.87,4.56%,16.23%,'128,'-20.69%,纺织服装
'224,SH600566.济川药业,'26.78,'-0.59%,'1.60,'11.61,7.99%,1.43%,'1.63,7.80%,14.50%,'247,'-0.77%,中药
'225,SH601555.东吴证券,'9.68,'+1.47%,'1.60,'16.64,10.41%,6.39%,'1.14,3.22%,6.99%,'481,'+27.73%,证券
'226,SH603105.芯能科技,'8.53,'+0.24%,'1.60,'22.45,14.77%,0.46%,'1.92,2.34%,8.79%,'43,'-2.99%,光伏设备
'227,SZ002871.伟隆股份,'10.98,'+0.64%,'1.60,'20.39,13.47%,'-,'3.11,2.80%,16.17%,'27,'+17.06%,通用设备
'228,SH600761.安徽合力,'18.44,'+1.60%,'1.61,'13.12,10.41%,1.73%,'1.54,3.25%,13.12%,'164,'+8.50%,工程机械
'229,SH603689.皖天然气,'8.55,'-0.23%,'1.61,'12.82,8.16%,'-,'1.23,4.09%,9.95%,'42,'-0.78%,燃气
'230,SH600894.广日股份,'10.29,'-0.58%,'1.62,'10.87,7.76%,0.69%,'1.00,13.35%,8.94%,'88,'-25.44%,专用设备
'231,SH600933.爱柯迪,'18.68,'-1.16%,'1.62,'19.07,12.68%,0.54%,'2.16,1.61%,11.86%,'184,'+16.79%,汽车零部件
'232,SZ002833.弘亚数控,'16.85,'+2.56%,'1.62,'13.72,8.93%,2.00%,'2.35,4.26%,17.51%,'70,'+2.58%,专用设备
'233,SZ003000.劲仔食品,'12.74,'+0.08%,'1.62,'20.12,13.82%,0.53%,'3.85,3.14%,20.00%,'57,'-4.90%,食品饮料
'234,SH601901.方正证券,'8.18,'+0.49%,'1.63,'25.72,12.85%,7.95%,'1.38,1.31%,5.52%,'673,'-1.10%,证券
'235,SZ000999.华润三九,'31.87,'-0.90%,'1.63,'16.40,10.95%,2.61%,'2.54,3.16%,15.77%,'537,'-5.86%,中药
'236,SZ002244.滨江集团,'9.64,'-0.41%,'1.63,'10.52,6.74%,1.65%,'1.06,0.93%,10.52%,'301,'+11.96%,房地产开发
'237,SZ002311.海大集团,'58.37,'+0.78%,'1.63,'19.21,11.47%,3.78%,'3.95,1.90%,22.53%,'964,'+21.26%,农牧饲渔
'238,SZ003013.地铁设计,'14.85,'-0.07%,'1.63,'13.70,8.45%,0.11%,'2.16,3.23%,16.54%,'61,'+1.56%,工程咨询服务
'239,SH600820.隧道股份,'6.64,'-0.60%,'1.64,'7.65,5.18%,1.54%,'0.58,4.97%,8.31%,'209,'-7.65%,工程建设
'240,SH600988.赤峰黄金,'24.74,'+0.41%,'1.64,'22.97,14.45%,5.16%,'4.32,0.65%,23.74%,'412,'+59.49%,贵金属
'241,SH603408.建霖家居,'11.75,'-0.51%,'1.64,'10.90,7.01%,1.39%,'1.54,6.21%,14.63%,'53,'-1.94%,装修装饰
'242,SH603259.药明康德,'93.58,'+0.31%,'1.65,'19.52,14.59%,12.13%,'4.49,1.43%,24.03%,'2326,'+73.71%,医疗服务
'243,SZ000682.东方电子,'10.57,'+0.76%,'1.65,'19.99,12.78%,1.27%,'2.69,0.78%,14.18%,'141,'-0.88%,电网设备
'244,SZ300207.欣旺达,'21.73,'+0.74%,'1.65,'25.92,15.18%,4.91%,'1.65,0.70%,6.48%,'398,'-1.81%,电池
'245,SZ000065.北方国际,'11.17,'+0.81%,'1.66,'12.33,7.38%,0.57%,'1.20,1.33%,10.34%,'119,'+15.95%,工程建设
'246,SZ000915.华特达因,'34.74,'-0.26%,'1.66,'15.42,9.66%,3.15%,'2.64,7.18%,16.95%,'82,'+31.39%,化学制药
'247,SZ300304.云意电气,'9.78,'-0.41%,'1.66,'21.87,14.74%,0.37%,'2.78,0.79%,13.44%,'86,'+23.23%,汽车零部件
'248,SH600262.北方股份,'23.61,'+0.85%,'1.67,'21.08,14.12%,'-,'2.37,1.34%,11.78%,'40,'+30.77%,专用设备
'249,SH605377.华旺科技,'9.18,'+0.44%,'1.67,'12.69,8.33%,0.28%,'1.26,7.90%,9.82%,'51,'-13.96%,造纸印刷
'250,SH600559.老白干酒,'16.84,'-0.06%,'1.68,'19.18,12.12%,0.50%,'2.82,3.27%,15.42%,'154,'-17.07%,酿酒行业
'251,SH601326.秦港股份,'3.27,0.00%,'1.68,'11.78,7.35%,0.96%,'0.93,2.60%,8.04%,'156,'+0.18%,航运港口
'252,SH605098.行动教育,'36.51,'+0.41%,'1.68,'15.96,10.89%,2.50%,'4.40,6.14%,27.65%,'44,'+5.71%,教育
'253,SZ002422.科伦药业,'37.57,'+0.05%,'1.68,'24.06,14.46%,2.50%,'2.60,2.03%,11.00%,'600,'+27.15%,化学制药
'254,SZ300979.华利集团,'52.28,'-0.70%,'1.68,'16.11,9.73%,0.49%,'3.39,4.37%,22.52%,'614,'-30.61%,纺织服装
'255,SH600256.广汇能源,'5.47,'+0.37%,'1.69,'12.28,7.20%,1.43%,'1.26,11.56%,9.91%,'350,'-9.62%,石油行业
'256,SH601199.江南水务,'5.67,'-0.70%,'1.69,'12.84,7.63%,0.25%,'1.18,2.29%,9.97%,'53,'+4.71%,公用事业
'257,SH601288.农业银行,'6.62,'+1.22%,'1.69,'8.17,4.84%,0.96%,'0.74,3.65%,9.26%,'21134,'+29.36%,银行
'258,SH600854.春兰股份,'5.56,'+1.09%,'1.70,'21.30,12.71%,'-,'1.18,2.16%,5.64%,'29,'+24.36%,家电行业
'259,SH601827.三峰环境,'8.64,'-0.12%,'1.70,'12.17,7.32%,0.72%,'1.25,2.73%,10.58%,'144,'+0.70%,环保行业
'260,SH601882.海天精工,'20.13,'+2.49%,'1.70,'21.38,13.77%,0.18%,'3.75,1.79%,18.73%,'105,'-6.45%,通用设备
'261,SH603730.岱美股份,'5.72,'+1.42%,'1.70,'15.06,9.06%,1.37%,'2.46,4.71%,16.86%,'123,'-13.53%,汽车零部件
'262,SH603816.顾家家居,'25.92,'-0.04%,'1.70,'14.06,9.04%,1.25%,'2.05,5.32%,14.88%,'213,'-0.83%,装修建材
'263,SH600210.紫江企业,'6.35,0.00%,'1.71,'11.73,7.09%,2.54%,'1.52,4.72%,13.40%,'96,'+0.49%,包装材料
'264,SH603699.纽威股份,'33.24,'+1.71%,'1.71,'20.91,12.54%,8.19%,'5.55,4.56%,28.55%,'255,'+55.34%,通用设备
'265,SH603939.益丰药房,'24.50,'+0.20%,'1.71,'18.90,11.31%,19.58%,'2.66,2.65%,14.56%,'297,'+3.22%,医药商业
'266,SZ002911.佛燃能源,'10.32,'+0.10%,'1.71,'15.67,9.67%,0.35%,'1.60,4.66%,10.33%,'134,'-14.85%,燃气
'267,SH603676.卫信康,'12.89,'-2.13%,'1.72,'23.79,14.88%,'-,'3.82,2.65%,16.23%,'56,'+31.62%,化学制药
'268,SZ002545.东方铁塔,'9.87,'+0.10%,'1.72,'20.36,12.03%,1.17%,'1.34,3.04%,6.73%,'123,'+44.88%,化肥行业
'269,SZ000333.美的集团,'71.70,'+0.45%,'1.73,'13.06,8.07%,14.64%,'2.38,4.91%,20.86%,'5014,'-0.07%,家电行业
'270,SH600985.淮北矿业,'12.89,'+2.06%,'1.74,'8.77,5.33%,1.06%,'0.81,5.82%,9.31%,'347,'-2.65%,煤炭行业
'271,SH601077.渝农商行,'6.91,0.00%,'1.74,'6.69,3.95%,4.28%,'0.59,4.41%,9.04%,'611,'+19.81%,银行
'272,SZ000928.中钢国际,'6.34,'+0.16%,'1.75,'10.66,6.76%,1.47%,'1.06,4.72%,10.20%,'91,'+4.22%,工程咨询服务
'273,SZ002270.华明装备,'18.35,'+2.63%,'1.75,'24.33,14.95%,17.44%,'4.79,3.05%,19.30%,'160,'+10.46%,电网设备
'274,SZ300628.亿联网络,'34.05,'+0.09%,'1.75,'16.31,10.05%,3.14%,'4.53,5.57%,29.02%,'431,'-8.46%,通信设备
'275,SH600285.羚锐制药,'23.10,'-0.52%,'1.76,'17.49,11.20%,1.73%,'3.96,3.90%,23.98%,'131,'+8.34%,中药
'276,SH600163.中闽能源,'5.34,'-0.19%,'1.77,'14.73,8.62%,0.38%,'1.45,1.93%,10.22%,'102,'-10.96%,电力行业
'277,SZ002061.浙江交科,'4.06,'-0.25%,'1.77,'8.08,5.83%,0.96%,'0.70,3.07%,8.98%,'109,'+2.68%,工程建设
'278,SZ002705.新宝股份,'15.18,'+0.20%,'1.77,'10.91,6.23%,3.98%,'1.47,2.97%,13.95%,'123,'+4.45%,家电行业
'279,SZ300545.联得装备,'33.19,'+0.97%,'1.77,'24.76,14.83%,0.17%,'3.00,0.61%,12.99%,'59,'+6.69%,光学光电子
'280,SZ000408.藏格矿业,'50.00,'+2.46%,'1.78,'24.85,13.96%,1.98%,'4.87,0.54%,21.37%,'766,'+80.31%,化肥行业
'281,SZ002140.东华科技,'10.24,'-0.39%,'1.78,'17.79,10.11%,0.42%,'1.63,1.46%,9.50%,'73,'+5.37%,工程建设
'282,SZ300833.浩洋股份,'36.44,'+0.61%,'1.78,'18.01,10.86%,2.80%,'1.84,3.59%,10.36%,'46,'-14.34%,专用设备
'283,SZ002155.湖南黄金,'18.72,'+1.30%,'1.79,'28.41,15.53%,1.81%,'4.03,0.96%,15.03%,'289,'+56.18%,贵金属
'284,SZ002946.新乳业,'16.99,0.00%,'1.79,'25.16,13.22%,0.52%,'4.47,1.68%,19.88%,'146,'+19.02%,食品饮料
'285,SZ300001.特锐德,'22.98,'-0.26%,'1.79,'26.44,17.80%,2.79%,'3.21,0.65%,13.00%,'243,'+5.35%,电网设备
'286,SH600497.驰宏锌锗,'5.67,'+1.25%,'1.80,'21.99,11.17%,1.75%,'1.71,2.32%,7.88%,'286,'+4.35%,有色金属
'287,SH600779.水井坊,'41.95,'+0.24%,'1.80,'15.20,8.42%,2.24%,'3.81,2.19%,27.24%,'205,'-21.62%,酿酒行业
'288,SZ000858.五粮液,'122.16,'+0.17%,'1.80,'14.49,8.08%,3.08%,'3.20,4.71%,22.39%,'4734,'-8.71%,酿酒行业
'289,SZ300109.新开源,'17.58,'+0.17%,'1.80,'27.63,15.52%,0.46%,'2.29,1.42%,8.35%,'85,'+11.89%,化学制品
'290,SH600348.华阳股份,'7.43,'+4.94%,'1.81,'13.71,7.58%,0.82%,'0.79,4.16%,6.01%,'268,'+9.60%,煤炭行业
'291,SZ000811.冰轮环境,'12.56,'+1.05%,'1.81,'20.59,13.39%,0.87%,'2.09,1.55%,10.45%,'123,'+35.91%,通用设备
'292,SZ000983.山西焦煤,'7.41,'+1.51%,'1.81,'14.60,8.07%,1.40%,'1.11,3.01%,7.46%,'414,'-7.06%,煤炭行业
'293,SZ002469.三维化学,'8.66,'+1.88%,'1.81,'21.49,11.61%,0.17%,'1.98,4.71%,9.24%,'55,'+22.41%,化学原料
'294,SH603035.常熟汽饰,'13.70,'-0.07%,'1.82,'12.74,8.68%,0.33%,'1.00,2.53%,7.89%,'52,'-2.32%,汽车零部件
'295,SH603067.振华股份,'16.35,'+3.48%,'1.82,'23.02,12.55%,1.15%,'3.55,0.83%,16.41%,'116,'+82.46%,化学原料
'296,SH688389.普门科技,'13.99,'+0.79%,'1.82,'20.54,11.99%,0.25%,'2.85,2.02%,14.54%,'60,'-4.01%,医疗器械
'297,SZ002831.裕同科技,'23.88,'+0.13%,'1.82,'15.51,8.03%,2.17%,'1.89,3.92%,12.45%,'222,'-9.73%,造纸印刷
'298,SH600012.皖通高速,'16.27,'+0.99%,'1.83,'15.79,8.89%,0.66%,'2.30,3.71%,13.96%,'190,'-4.36%,铁路公路
'299,SH600549.厦门钨业,'23.13,'+1.45%,'1.83,'21.70,12.69%,2.40%,'2.25,1.82%,12.11%,'367,'+22.45%,小金属
'300,SH600976.健民集团,'41.69,'-1.00%,'1.83,'17.15,11.04%,3.86%,'2.51,2.16%,15.24%,'64,'+2.17%,中药
'301,SH603339.四方科技,'13.14,'-0.23%,'1.83,'17.36,10.29%,'-,'1.55,1.80%,9.12%,'41,'+6.01%,通用设备
'302,SH688533.上声电子,'27.92,'+1.01%,'1.83,'22.29,14.55%,0.11%,'2.79,1.61%,13.64%,'45,'-18.35%,汽车零部件
'303,SZ000597.东北制药,'5.84,'-4.11%,'1.83,'22.37,15.77%,1.31%,'1.62,1.64%,7.46%,'87,'+13.00%,化学制药
'304,SZ000960.锡业股份,'18.19,'+1.17%,'1.83,'18.30,7.60%,1.69%,'1.41,1.61%,8.29%,'296,'+32.33%,小金属
'305,SZ002788.鹭燕医药,'8.60,'-1.26%,'1.83,'10.16,5.51%,'-,'1.05,4.02%,10.66%,'34,'+9.14%,医药商业
'306,SZ002920.德赛西威,'105.95,'+2.56%,'1.83,'26.03,15.09%,1.41%,'5.61,1.16%,23.70%,'573,'-2.60%,汽车零部件
'307,SZ300092.科新机电,'13.65,'+0.89%,'1.83,'21.81,12.51%,'-,'2.20,1.76%,10.45%,'37,'+20.58%,通用设备
'308,SH600511.国药股份,'29.88,'-0.57%,'1.84,'11.27,6.19%,0.91%,'1.28,2.68%,11.83%,'225,'-10.26%,医药商业
'309,SH600062.华润双鹤,'20.33,'-0.93%,'1.85,'12.29,7.50%,1.18%,'1.93,2.32%,15.32%,'211,'+4.73%,化学制药
'310,SH601633.长城汽车,'22.61,'+1.57%,'1.85,'17.25,11.38%,1.37%,'2.34,1.99%,14.52%,'1411,'-12.35%,汽车整车
'311,SH603027.千禾味业,'11.74,'-0.59%,'1.85,'23.16,12.75%,0.50%,'3.16,4.26%,14.02%,'120,'+0.99%,食品饮料
'312,SZ002580.圣阳股份,'13.64,'+1.49%,'1.85,'28.48,17.66%,0.31%,'2.72,0.30%,9.92%,'61,'+61.30%,电池
'313,SZ300174.元力股份,'15.42,'-0.52%,'1.85,'22.26,12.03%,0.96%,'1.68,1.49%,7.76%,'56,'+6.30%,化学制品
'314,SH600741.华域汽车,'18.02,'+0.50%,'1.86,'8.48,5.23%,4.42%,'0.90,4.44%,10.95%,'568,'+6.87%,汽车零部件
'315,SH601939.建设银行,'9.58,'-0.62%,'1.86,'7.55,4.07%,3.68%,'0.74,1.91%,10.02%,'2029,'+14.02%,银行
'316,SZ000589.贵州轮胎,'4.57,0.00%,'1.86,'14.98,8.39%,0.61%,'0.80,2.84%,5.78%,'71,'-6.52%,橡胶制品
'317,SZ300406.九强生物,'15.00,'-0.40%,'1.86,'17.83,9.87%,0.68%,'2.09,2.67%,12.28%,'88,'+15.58%,医疗器械
'318,SZ300919.中伟股份,'34.21,'+0.68%,'1.86,'22.84,14.20%,1.68%,'1.58,1.88%,6.89%,'319,'-4.22%,电池
'319,SZ000403.派林生物,'18.56,'+0.70%,'1.87,'24.58,14.37%,0.74%,'2.19,2.09%,9.15%,'175,'+15.99%,生物制品
'320,SH600717.天津港,'4.68,'+0.43%,'1.88,'14.06,7.65%,2.08%,'0.69,2.22%,4.99%,'135,'-1.68%,航运港口
'321,SH601298.青岛港,'8.79,'+0.34%,'1.88,'10.72,5.90%,0.36%,'1.30,1.29%,12.44%,'474,'-3.51%,航运港口
'322,SZ300743.天地数码,'21.36,'+2.05%,'1.88,'31.16,16.58%,'-,'4.77,2.39%,15.95%,'32,'+44.38%,非金属材料
'323,SH600600.青岛啤酒,'67.90,0.00%,'1.90,'20.78,12.05%,3.29%,'3.01,3.24%,14.90%,'482,'-13.43%,酿酒行业
'324,SH603093.南华期货,'21.79,'-0.23%,'1.90,'29.02,15.41%,0.90%,'3.20,0.35%,11.52%,'133,'+84.21%,多元金融
'325,SZ002091.江苏国泰,'7.38,'-0.67%,'1.91,'10.65,5.93%,1.73%,'0.76,5.38%,7.24%,'121,'+5.03%,贸易行业
'326,SH600720.中交设计,'8.04,'-0.62%,'1.92,'10.52,5.92%,0.40%,'1.22,0.00%,12.67%,'184,'-9.26%,工程咨询服务
'327,SH605088.冠盛股份,'41.12,'-0.84%,'1.92,'26.41,14.44%,0.59%,'3.31,1.34%,13.71%,'83,'+66.77%,汽车零部件
'328,SH600529.山东药玻,'22.83,'-0.35%,'1.94,'16.02,8.63%,1.04%,'1.84,2.72%,11.83%,'152,'-10.13%,医疗器械
'329,SH601611.中国核建,'9.42,0.00%,'1.94,'13.79,7.71%,0.16%,'0.91,0.92%,6.87%,'284,'+4.20%,工程建设
'330,SH601988.中国银行,'5.66,'+0.18%,'1.94,'7.72,3.99%,0.69%,'0.65,3.78%,8.62%,'13504,'+7.35%,银行
'331,SH600089.特变电工,'13.40,'+0.37%,'1.95,'18.10,9.91%,4.40%,'0.98,1.87%,5.52%,'677,'+7.32%,电网设备
'332,SH603759.海天股份,'8.57,'-0.70%,'1.95,'12.15,7.28%,'-,'1.42,0.00%,12.09%,'40,'-4.03%,公用事业
'333,SH603829.洛凯股份,'18.48,'-2.38%,'1.95,'21.78,11.96%,'-,'2.68,0.68%,13.18%,'30,'+38.10%,电网设备
'334,SZ300039.上海凯宝,'6.72,'-1.47%,'1.95,'19.21,10.55%,0.60%,'1.70,1.47%,9.30%,'71,'+10.55%,中药
'335,SH603596.伯特利,'50.99,'+6.05%,'1.96,'24.36,13.27%,6.34%,'4.53,0.69%,19.93%,'309,'+15.14%,汽车零部件
'336,SZ300880.迦南智能,'20.57,'+0.88%,'1.96,'22.23,11.72%,'-,'3.67,2.21%,17.54%,'40,'-5.29%,电网设备
'337,SH600674.川投能源,'15.55,'-0.19%,'1.97,'16.08,8.22%,2.64%,'1.74,2.57%,11.17%,'758,'-7.57%,电力行业
'338,SH600885.宏发股份,'24.57,'+0.20%,'1.97,'20.49,11.00%,20.32%,'3.61,1.50%,18.76%,'359,'+9.88%,电网设备
'339,SZ000975.山金国际,'18.79,'+1.40%,'1.97,'21.77,10.81%,2.42%,'3.76,1.97%,18.36%,'515,'+24.56%,贵金属
'340,SZ002014.永新股份,'11.69,0.00%,'1.97,'15.23,8.19%,0.54%,'2.67,5.30%,19.25%,'72,'+12.34%,包装材料
'341,SZ002353.杰瑞股份,'40.27,'+0.05%,'1.98,'15.17,8.32%,5.58%,'1.90,2.01%,13.15%,'412,'+11.10%,专用设备
'342,SH600132.重庆啤酒,'55.36,'+0.02%,'1.99,'23.60,10.82%,6.24%,'16.17,4.34%,53.44%,'268,'-10.71%,酿酒行业
'343,SH601179.中国西电,'6.57,'+0.31%,'1.99,'29.39,15.39%,2.21%,'1.51,1.26%,5.19%,'337,'-12.83%,电网设备
'344,SH601186.中国铁建,'8.10,'-0.25%,'1.99,'5.15,2.69%,1.27%,'0.33,3.70%,6.56%,'932,'-8.50%,工程建设
'345,SH603439.贵州三力,'13.39,'-0.81%,'1.99,'21.11,11.00%,0.21%,'3.49,2.54%,16.70%,'55,'+5.97%,中药
'346,SH601328.交通银行,'7.72,'-0.64%,'2.00,'7.26,3.66%,2.62%,'0.59,3.61%,8.24%,'4119,'+4.54%,银行
'347,SH603112.华翔股份,'17.03,'+2.65%,'2.00,'18.44,10.69%,0.45%,'2.77,2.28%,16.14%,'92,'+37.19%,家电行业
'348,SZ002756.永兴材料,'35.57,'+0.17%,'2.00,'24.97,12.45%,1.00%,'1.52,2.82%,5.94%,'191,'-4.20%,钢铁行业
'349,SZ002922.伊戈尔,'17.41,'-0.23%,'2.00,'24.87,15.33%,0.31%,'2.11,1.71%,8.72%,'69,'-0.49%,电子元件
'350,SZ300453.三鑫医疗,'8.78,'-1.90%,'2.00,'20.55,10.94%,'-,'3.38,3.35%,17.23%,'47,'+20.66%,医疗器械
'351,SH603337.杰克股份,'43.06,'+2.72%,'2.01,'23.58,12.45%,3.26%,'4.27,1.88%,19.02%,'205,'+43.17%,专用设备
'352,SZ002112.三变科技,'13.28,'-0.45%,'2.02,'34.46,17.43%,'-,'5.81,0.47%,18.36%,'39,'+19.22%,电网设备
'353,SZ002475.立讯精密,'36.21,'-0.71%,'2.02,'18.98,10.96%,4.73%,'3.65,0.55%,21.20%,'2645,'-10.66%,消费电子
'354,SH601963.重庆银行,'10.33,'-0.48%,'2.03,'6.90,3.45%,2.94%,'0.58,4.01%,8.62%,'196,'+15.95%,银行
'355,SZ001965.招商公路,'11.31,'+0.09%,'2.04,'14.39,7.73%,1.45%,'1.06,3.69%,7.48%,'771,'-15.91%,铁路公路
'356,SZ002595.豪迈科技,'57.27,'+2.51%,'2.04,'20.97,10.86%,3.29%,'4.29,1.39%,21.97%,'447,'+14.89%,专用设备
'357,SZ002226.江南化工,'6.21,'-0.16%,'2.05,'18.46,9.94%,0.74%,'1.71,1.21%,9.62%,'165,'+15.92%,化学制品
'358,SZ002539.云图控股,'10.85,'+0.46%,'2.05,'15.44,7.85%,0.76%,'1.45,1.85%,9.67%,'130,'+41.97%,化肥行业
'359,SZ300384.三联虹普,'19.58,'+0.26%,'2.06,'19.49,9.52%,0.80%,'2.33,2.58%,12.14%,'62,'+6.47%,专业服务
'360,SZ002078.太阳纸业,'14.40,'+1.12%,'2.07,'13.13,6.07%,1.70%,'1.35,2.11%,10.72%,'398,'-0.97%,造纸印刷
'361,SZ000063.中兴通讯,'34.55,'+0.38%,'2.08,'20.23,14.43%,2.19%,'2.28,1.79%,11.37%,'1386,'-12.81%,通信设备
'362,SZ000786.北新建材,'26.40,'+1.23%,'2.08,'12.02,5.90%,10.49%,'1.66,3.32%,14.46%,'441,'-10.17%,装修建材
'363,SZ002282.博深股份,'7.79,0.00%,'2.08,'21.36,10.71%,'-,'1.13,2.57%,5.41%,'41,'+8.16%,通用设备
'364,SZ002722.物产金轮,'17.17,'+0.53%,'2.08,'22.76,12.04%,'-,'1.33,1.35%,5.95%,'35,'+22.82%,纺织服装
'365,SH600989.宝丰能源,'15.74,'+0.77%,'2.09,'15.70,7.01%,2.76%,'2.54,1.78%,17.21%,'1154,'-4.05%,化学原料
'366,SZ000429.粤高速Ａ,'12.55,'+0.40%,'2.09,'14.53,7.76%,0.94%,'2.36,4.18%,16.81%,'218,'-11.31%,铁路公路
'367,SH600482.中国动力,'24.63,'+5.44%,'2.10,'32.67,17.00%,1.36%,'1.40,1.30%,4.44%,'555,'+1.54%,船舶制造
'368,SH601766.中国中车,'7.42,'+0.54%,'2.10,'14.75,8.26%,3.46%,'1.24,2.70%,8.66%,'1805,'-11.46%,交运设备
'369,SZ002371.北方华创,'331.58,'+0.94%,'2.10,'39.02,18.58%,10.19%,'7.26,0.24%,20.86%,'2370,'+14.76%,半导体
'370,SH600519.贵州茅台,'1423.88,'-0.27%,'2.11,'20.10,9.54%,5.80%,'6.92,3.62%,35.74%,'17887,'-4.74%,酿酒行业
'371,SH601088.中国神华,'37.56,'-1.57%,'2.11,'13.63,6.39%,1.04%,'1.72,6.02%,12.74%,'6194,'-8.58%,煤炭行业
'372,SH603368.柳药集团,'18.33,'-1.13%,'2.11,'8.75,4.25%,0.82%,'0.92,4.11%,11.23%,'73,'+7.27%,医药商业
'373,SH601816.京沪高铁,'5.46,'+0.18%,'2.12,'20.92,9.86%,3.54%,'1.31,2.16%,6.34%,'2671,'-9.48%,铁路公路
'374,SZ000551.创元科技,'11.65,'+0.52%,'2.12,'20.99,11.03%,'-,'2.09,0.72%,10.50%,'56,'+17.80%,环保行业
'375,SH601689.拓普集团,'48.02,'+2.04%,'2.13,'28.57,14.99%,5.07%,'3.68,1.08%,14.38%,'835,'-0.93%,汽车零部件
'376,SZ002986.宇新股份,'12.93,'-0.84%,'2.13,'18.59,9.44%,0.15%,'1.22,2.33%,6.76%,'50,'+11.76%,化学制品
'377,SH600826.兰生股份,'10.95,'-0.73%,'2.14,'28.02,16.61%,1.42%,'1.95,2.56%,7.25%,'81,'+31.01%,贸易行业
'378,SH601860.紫金银行,'3.01,'-0.66%,'2.14,'6.72,3.15%,2.53%,'0.55,3.32%,8.42%,'110,'+9.42%,银行
'379,SZ000878.云南铜业,'13.53,'+2.58%,'2.15,'19.25,11.31%,1.65%,'1.76,2.05%,9.41%,'264,'+13.28%,有色金属
'380,SZ300009.安科生物,'11.09,'-3.82%,'2.15,'27.62,14.03%,1.24%,'4.72,2.17%,17.34%,'193,'+32.22%,生物制品
'381,SH600157.永泰能源,'1.45,0.00%,'2.16,'27.63,14.78%,0.88%,'0.67,0.39%,2.44%,'316,'-15.20%,电力行业
'382,SH600750.江中药业,'22.06,'-0.50%,'2.16,'17.37,8.68%,1.44%,'3.38,5.42%,19.55%,'140,'+0.25%,中药
'383,SH605116.奥锐特,'23.45,'-0.04%,'2.16,'24.30,11.56%,0.23%,'3.90,1.24%,17.43%,'95,'+12.60%,化学制药
'384,SH688080.映翰通,'49.07,'+1.43%,'2.16,'26.67,12.98%,'-,'3.40,0.41%,13.59%,'36,'+49.70%,通信设备
'385,SZ000425.徐工机械,'8.44,'+1.56%,'2.16,'15.27,7.16%,4.54%,'1.59,2.17%,10.73%,'977,'+8.69%,工程机械
'386,SZ000559.万向钱潮,'7.89,'+2.60%,'2.16,'26.31,12.43%,0.49%,'2.69,2.34%,10.39%,'254,'+31.32%,汽车零部件
'387,SZ002448.中原内配,'9.33,'+1.30%,'2.16,'23.98,11.40%,'-,'1.51,1.41%,6.43%,'54,'+51.38%,汽车零部件
'388,SH600563.法拉电子,'111.41,'+1.81%,'2.17,'23.04,10.71%,7.06%,'4.52,1.80%,20.79%,'251,'-4.52%,电子元件
'389,SH603187.海容冷链,'12.91,'+4.87%,'2.17,'14.54,7.14%,1.50%,'1.18,3.87%,8.26%,'50,'+20.55%,通用设备
'390,SH600522.中天科技,'14.14,'-0.77%,'2.18,'17.06,8.37%,6.17%,'1.35,2.12%,8.15%,'483,'+0.84%,通信设备
'391,SZ002442.龙星科技,'6.53,'-1.80%,'2.18,'23.33,11.14%,'-,'1.79,1.80%,7.73%,'33,'+10.77%,橡胶制品
'392,SH600028.中国石化,'5.71,0.00%,'2.19,'15.30,7.33%,0.91%,'0.83,5.01%,5.42%,'5552,'-12.46%,石油行业
'393,SH688100.威胜信息,'34.91,'+0.06%,'2.19,'25.85,12.18%,0.38%,'5.17,1.49%,21.00%,'172,'-2.13%,通信设备
'394,SZ002572.索菲亚,'13.82,'-0.43%,'2.19,'10.98,5.60%,4.11%,'1.79,7.20%,16.74%,'134,'-13.88%,装修建材
'395,SZ002749.国光股份,'15.49,'-0.26%,'2.19,'19.17,8.87%,0.28%,'3.54,5.82%,20.05%,'72,'+13.56%,农药兽药
'396,SH603025.大豪科技,'14.29,'+1.20%,'2.20,'26.41,11.80%,0.36%,'6.24,2.43%,24.85%,'160,'-3.76%,专用设备
'397,SZ002782.可立克,'14.56,'+1.89%,'2.20,'28.57,13.92%,0.97%,'3.47,1.04%,12.65%,'71,'+16.53%,电子元件
'398,SZ300791.仙乐健康,'23.45,'-1.68%,'2.20,'22.17,10.18%,0.51%,'2.83,2.10%,13.21%,'73,'+18.18%,食品饮料
'399,SH603833.欧派家居,'53.35,'+0.13%,'2.21,'12.09,6.02%,1.92%,'1.68,4.65%,14.28%,'325,'-19.30%,装修建材
'400,SH688128.中国电研,'27.58,'+4.11%,'2.21,'21.32,10.98%,0.81%,'3.32,1.81%,16.48%,'112,'+34.09%,专用设备
'401,SZ002409.雅克科技,'55.98,'+1.14%,'2.21,'29.73,13.01%,3.46%,'3.55,1.05%,12.24%,'263,'-2.93%,电子化学品
'402,SZ300896.爱美客,'183.89,'-0.03%,'2.21,'29.70,14.43%,2.31%,'6.75,2.07%,24.78%,'557,'+3.00%,美容护理
'403,SZ000021.深科技,'18.71,'+0.59%,'2.22,'29.39,14.19%,0.83%,'2.39,1.02%,8.53%,'290,'-0.76%,消费电子
'404,SZ002352.顺丰控股,'46.42,'-0.39%,'2.22,'22.48,11.23%,7.25%,'2.51,3.94%,11.32%,'2247,'+16.27%,物流行业
'405,SZ300573.兴齐眼药,'62.44,'-0.64%,'2.22,'34.32,15.51%,1.43%,'8.84,1.70%,25.82%,'154,'+26.87%,化学制药
'406,SH600886.国投电力,'15.58,'-0.19%,'2.23,'18.65,8.56%,1.63%,'1.75,2.96%,10.12%,'1247,'-6.26%,电力行业
'407,SH688628.优利德,'36.20,'+0.95%,'2.23,'22.00,10.33%,'-,'3.14,3.59%,14.55%,'40,'+1.22%,仪器仪表
'408,SZ002540.亚太科技,'6.08,'+0.66%,'2.23,'17.36,8.15%,0.60%,'1.33,5.97%,7.60%,'75,'+2.05%,有色金属
'409,SH600377.宁沪高速,'14.22,'-0.21%,'2.24,'14.59,6.55%,0.76%,'1.81,3.45%,13.00%,'543,'-3.96%,铁路公路
'410,SZ300832.新产业,'55.70,'+1.64%,'2.24,'23.40,11.07%,2.83%,'4.78,2.37%,21.68%,'431,'-19.59%,医疗器械
'411,SZ002179.中航光电,'38.87,'+1.22%,'2.25,'25.08,11.42%,0.97%,'3.35,2.08%,14.15%,'813,'+0.99%,电子元件
'412,SZ002836.新宏泽,'9.85,'-0.51%,'2.25,'33.59,15.55%,'-,'5.88,2.53%,18.26%,'23,'+37.50%,造纸印刷
'413,SH600283.钱江水利,'9.98,'-0.30%,'2.26,'23.44,12.16%,0.04%,'1.80,2.51%,8.68%,'56,'+10.24%,公用事业
'414,SZ002847.盐津铺子,'70.72,'+0.06%,'2.26,'29.28,14.52%,3.32%,'10.01,2.27%,36.96%,'193,'+14.41%,食品饮料
'415,SZ002899.英派斯,'23.00,'+1.77%,'2.26,'30.53,14.08%,'-,'1.95,0.33%,7.41%,'33,'+2.93%,家用轻工
'416,SZ000400.许继电气,'22.97,'+0.53%,'2.27,'21.41,9.88%,3.00%,'2.02,1.83%,9.68%,'233,'-15.72%,电网设备
'417,SZ002262.恩华药业,'23.31,'-1.56%,'2.28,'19.80,8.71%,0.75%,'3.14,1.52%,16.86%,'241,'-2.69%,化学制药
'418,SZ002088.鲁阳节能,'11.09,'-0.63%,'2.29,'12.51,5.40%,0.48%,'1.94,7.17%,15.66%,'57,'-7.14%,装修建材
'419,SH603080.新疆火炬,'20.19,'+3.80%,'2.30,'17.22,7.63%,'-,'1.81,2.77%,10.92%,'29,'+29.81%,燃气
'420,SZ300130.新国都,'29.70,'+0.54%,'2.30,'98.66,17.00%,0.66%,'3.85,1.35%,3.82%,'168,'+37.84%,计算机设备
'421,SZ002126.银轮股份,'30.85,'+7.42%,'2.31,'29.81,14.57%,1.22%,'3.70,0.42%,13.12%,'240,'+65.57%,汽车零部件
'422,SZ002286.保龄宝,'10.78,'-1.10%,'2.31,'29.95,11.73%,'-,'1.98,0.86%,6.84%,'41,'+46.75%,食品饮料
'423,SZ300857.协创数据,'78.57,'-0.32%,'2.31,'39.04,17.52%,0.64%,'8.03,0.26%,23.32%,'273,'+3.19%,消费电子
'424,SH601969.海南矿业,'8.00,'-1.23%,'2.32,'25.82,11.32%,0.53%,'2.25,1.25%,8.94%,'160,'+14.10%,钢铁行业
'425,SZ300308.中际旭创,'210.52,'-0.19%,'2.32,'40.79,17.92%,3.72%,'11.31,0.24%,31.55%,'2344,'+71.13%,通信设备
'426,SH605286.同力日升,'39.48,'+2.47%,'2.33,'23.89,10.48%,2.84%,'3.24,0.61%,14.25%,'66,'+31.34%,专用设备
'427,SH600025.华能水电,'9.27,0.00%,'2.34,'19.09,8.14%,0.68%,'2.22,2.16%,12.19%,'1669,'-0.54%,电力行业
'428,SH603456.九洲药业,'18.46,'-1.07%,'2.34,'24.99,10.77%,1.41%,'1.88,1.64%,7.68%,'164,'+37.73%,化学制药
'429,SH601965.中国汽研,'19.67,'+1.03%,'2.35,'21.40,9.51%,0.43%,'2.72,1.73%,13.22%,'197,'+13.71%,汽车服务
'430,SH603967.中创物流,'11.68,'-1.60%,'2.35,'15.63,7.05%,'-,'1.67,5.14%,10.87%,'40,'+24.70%,物流行业
'431,SZ300893.松原安全,'25.00,'+0.04%,'2.35,'29.02,13.24%,0.24%,'5.59,0.57%,21.43%,'79,'+20.64%,汽车零部件
'432,SZ000848.承德露露,'8.77,'-0.68%,'2.36,'14.63,6.28%,1.79%,'2.56,3.40%,18.24%,'93,'+0.63%,食品饮料
'433,SH601808.中海油服,'14.04,'+1.23%,'2.37,'19.77,8.01%,0.41%,'1.50,1.64%,7.79%,'416,'-6.36%,采掘行业
'434,SH603551.奥普科技,'11.51,'-0.35%,'2.37,'15.17,6.67%,'-,'3.09,7.46%,18.89%,'45,'+13.25%,家电行业
'435,SZ300770.新媒股份,'41.41,'-0.24%,'2.37,'14.18,5.89%,1.08%,'2.54,6.91%,17.71%,'95,'+4.39%,文化传媒
'436,SH601881.中国银河,'17.42,'-0.29%,'2.38,'16.69,7.02%,2.56%,'1.34,1.61%,8.30%,'1262,'+15.68%,证券
'437,SZ002252.上海莱士,'6.93,'-0.43%,'2.38,'23.07,9.52%,1.67%,'1.42,1.01%,6.36%,'462,'-3.56%,生物制品
'438,SH603277.银都股份,'17.09,'+1.12%,'2.39,'18.20,9.73%,0.72%,'3.51,4.05%,19.35%,'105,'+9.25%,通用设备
'439,SZ002273.水晶光电,'20.97,'+0.72%,'2.39,'27.01,12.21%,4.12%,'3.13,1.44%,11.88%,'290,'-4.67%,光学光电子
'440,SZ300751.迈为股份,'73.16,'+0.16%,'2.39,'24.65,11.11%,1.93%,'2.66,1.51%,11.00%,'204,'-29.84%,光伏设备
'441,SH601598.中国外运,'5.53,'+0.55%,'2.40,'10.70,5.58%,0.87%,'1.00,5.24%,9.55%,'291,'+6.18%,物流行业
'442,SZ300012.华测检测,'12.36,'+0.08%,'2.40,'22.47,9.91%,15.96%,'2.95,0.81%,13.84%,'208,'+0.34%,专业服务
'443,SH600909.华安证券,'6.13,'+0.49%,'2.41,'16.57,6.91%,1.82%,'1.26,1.63%,7.82%,'287,'+2.88%,证券
'444,SH601098.中南传媒,'12.99,'+0.08%,'2.41,'16.03,5.76%,4.78%,'1.46,4.23%,9.21%,'233,'-10.52%,文化传媒
'445,SH603236.移远通信,'84.68,'+0.20%,'2.41,'29.73,13.49%,6.36%,'5.22,0.81%,18.95%,'222,'+24.46%,通信设备
'446,SH688093.世华科技,'34.29,'+2.18%,'2.41,'27.66,12.15%,0.02%,'4.40,1.52%,16.46%,'90,'+70.95%,电子元件
'447,SZ002351.漫步者,'13.55,'+2.11%,'2.41,'26.69,11.70%,1.70%,'4.08,1.88%,15.96%,'118,'-16.28%,消费电子
'448,SH603970.中农立华,'14.39,'-0.42%,'2.42,'19.29,8.38%,'-,'2.46,3.13%,13.06%,'39,'+4.51%,农药兽药
'449,SH688278.特宝生物,'86.74,'-1.88%,'2.43,'40.06,16.73%,0.42%,'12.83,0.71%,37.06%,'353,'+19.22%,生物制品
'450,SZ300470.中密控股,'38.56,'+1.21%,'2.43,'19.62,8.71%,9.38%,'2.85,2.63%,14.92%,'79,'+3.70%,通用设备
'451,SZ300487.蓝晓科技,'51.20,'+0.08%,'2.43,'32.02,13.89%,9.86%,'6.31,1.41%,21.01%,'260,'+8.23%,塑料制品
'452,SH605368.蓝天燃气,'10.09,'+0.50%,'2.45,'16.66,6.86%,0.12%,'1.92,8.86%,11.10%,'72,'-7.92%,燃气
'453,SZ002774.快意电梯,'10.59,'+0.28%,'2.45,'31.05,16.70%,'-,'2.78,3.41%,8.90%,'36,'+59.84%,专用设备
'454,SZ002967.广电计量,'17.49,'+1.16%,'2.45,'28.35,12.74%,2.28%,'3.02,2.31%,10.25%,'101,'+9.21%,专业服务
'455,SZ002673.西部证券,'8.55,'+1.06%,'2.46,'25.24,10.37%,1.35%,'1.30,1.18%,5.24%,'378,'+6.18%,证券
'456,SH600704.物产中大,'5.44,'-0.73%,'2.47,'8.70,4.32%,2.51%,'0.65,3.88%,7.96%,'281,'+11.53%,物流行业
'457,SH603269.海鸥股份,'10.41,'+0.58%,'2.47,'31.52,13.42%,'-,'2.99,2.06%,9.79%,'32,'+39.20%,通用设备
'458,SZ002315.焦点科技,'54.17,'-0.99%,'2.47,'35.68,14.86%,2.26%,'7.15,2.01%,20.92%,'174,'+31.98%,互联网服务
'459,SH600789.鲁抗医药,'10.33,'-1.15%,'2.48,'22.87,17.00%,0.54%,'2.32,1.28%,10.58%,'93,'+9.39%,化学制药
'460,SH603801.志邦家居,'10.04,'+0.20%,'2.48,'11.47,5.22%,0.43%,'1.23,6.01%,11.05%,'44,'-16.80%,装修建材
'461,SZ002736.国信证券,'13.48,'-0.44%,'2.48,'13.97,5.66%,1.71%,'1.08,2.58%,7.98%,'1302,'+24.17%,证券
'462,SZ002884.凌霄泵业,'16.52,'+0.36%,'2.48,'13.02,5.47%,0.94%,'2.43,6.08%,19.02%,'59,'-3.90%,通用设备
'463,SZ300502.新易盛,'186.40,'+2.17%,'2.49,'44.37,17.90%,5.10%,'18.26,0.18%,51.96%,'1813,'+126.69%,通信设备
'464,SZ300866.安克创新,'131.43,'+5.80%,'2.50,'28.90,13.21%,8.93%,'7.10,1.68%,25.95%,'665,'+36.66%,消费电子
'465,SH600161.天坛生物,'20.53,'-2.52%,'2.51,'27.49,11.22%,2.23%,'3.57,0.49%,13.72%,'406,'+0.67%,生物制品
'466,SH600862.中航高科,'26.99,'+1.43%,'2.51,'32.43,13.15%,0.29%,'5.05,0.92%,16.53%,'376,'+7.95%,航天航空
'467,SH601985.中国核电,'9.18,'+0.11%,'2.51,'21.32,8.68%,2.53%,'1.66,1.94%,8.53%,'1888,'-10.45%,电力行业
'468,SH688029.南微医学,'87.00,'+0.47%,'2.51,'28.64,11.56%,0.74%,'4.09,1.72%,14.79%,'163,'+30.72%,医疗器械
'469,SZ300763.锦浪科技,'58.87,'+0.05%,'2.51,'27.06,12.00%,1.25%,'2.75,0.34%,10.62%,'234,'-3.23%,光伏设备
'470,SZ000997.新大陆,'29.63,'+0.37%,'2.52,'28.42,11.56%,2.36%,'4.28,1.86%,15.58%,'305,'+49.51%,互联网服务
'471,SH601229.上海银行,'10.50,'+0.10%,'2.53,'6.29,2.48%,4.57%,'0.58,4.76%,9.41%,'1492,'+17.17%,银行
'472,SH688019.安集科技,'149.46,'-0.29%,'2.53,'42.15,17.11%,7.58%,'8.75,0.23%,23.34%,'252,'+39.73%,电子化学品
'473,SZ300319.麦捷科技,'11.84,'-0.08%,'2.53,'31.22,14.75%,1.14%,'2.24,0.97%,7.51%,'104,'-4.07%,电子元件
'474,SZ301479.弘景光电,'91.39,'+3.81%,'2.54,'47.41,18.73%,0.09%,'6.43,1.22%,13.56%,'78,'+208.51%,光学光电子
'475,SZ000155.川能动力,'10.07,'-0.30%,'2.55,'34.03,14.13%,0.52%,'1.77,1.58%,5.98%,'186,'-5.71%,电力行业
'476,SZ000552.甘肃能化,'2.55,'+0.79%,'2.55,'18.58,8.27%,0.57%,'0.79,2.69%,4.29%,'135,'-4.76%,煤炭行业
'477,SZ000612.焦作万方,'8.62,'+0.58%,'2.55,'16.77,6.35%,0.56%,'1.60,1.52%,9.87%,'102,'+36.62%,有色金属
'478,SZ300760.迈瑞医疗,'228.31,'+0.12%,'2.55,'24.82,9.92%,10.84%,'7.16,3.37%,29.79%,'2765,'-9.69%,医疗器械
'479,SZ300035.中科电气,'16.93,'+0.36%,'2.56,'27.95,10.30%,2.04%,'2.41,1.48%,8.89%,'116,'+15.23%,非金属材料
'480,SZ300160.秀强股份,'6.02,'-0.17%,'2.56,'20.27,8.44%,'-,'1.79,1.66%,9.07%,'47,'+12.70%,家电行业
'481,SZ300673.佩蒂股份,'15.79,0.00%,'2.56,'24.15,9.47%,'-,'2.00,2.22%,8.51%,'39,'-9.16%,农牧饲渔
'482,SZ300729.乐歌股份,'14.69,'+0.48%,'2.56,'16.23,10.55%,0.18%,'1.35,2.05%,9.04%,'50,'-5.70%,家用轻工
'483,SZ002346.柘中股份,'16.37,'+10.01%,'2.57,'18.03,12.81%,0.90%,'2.29,3.36%,12.91%,'66,'+71.68%,电网设备
'484,SZ000739.普洛药业,'15.82,'-1.62%,'2.58,'17.98,7.60%,2.58%,'2.66,2.24%,15.40%,'186,'-0.21%,化学制药
'485,SZ002891.中宠股份,'57.44,'-2.18%,'2.58,'39.33,15.49%,7.01%,'6.20,0.66%,17.67%,'179,'+61.28%,农牧饲渔
'486,SZ002825.纳尔股份,'10.62,'+1.05%,'2.59,'20.28,10.67%,'-,'2.25,1.33%,11.60%,'36,'+37.35%,塑料制品
'487,SZ300373.扬杰科技,'56.68,'+0.84%,'2.59,'27.89,11.55%,1.46%,'3.38,1.17%,12.55%,'305,'+31.33%,半导体
'488,SH605016.百龙创园,'20.53,'-1.06%,'2.60,'31.53,12.66%,1.77%,'4.90,0.71%,16.46%,'86,'+58.76%,食品饮料
'489,SZ002206.海利得,'6.06,'+4.12%,'2.60,'14.22,5.50%,1.82%,'1.74,3.09%,12.42%,'68,'+46.32%,化纤行业
'490,SH600020.中原高速,'4.59,0.00%,'2.61,'10.83,4.33%,1.27%,'0.66,3.70%,6.24%,'103,'+12.58%,铁路公路
'491,SH600415.小商品城,'19.64,'-1.36%,'2.61,'34.04,13.38%,6.41%,'5.05,1.68%,15.92%,'1077,'+49.07%,商业百货
'492,SH603195.公牛集团,'47.60,'-0.38%,'2.63,'19.94,8.65%,2.97%,'5.10,3.60%,26.74%,'861,'-1.95%,家用轻工
'493,SH603706.东方环宇,'21.29,'+1.19%,'2.63,'19.58,7.97%,'-,'2.28,4.23%,11.79%,'40,'+18.57%,燃气
'494,SH605499.东鹏饮料,'298.03,'-2.23%,'2.63,'39.03,15.42%,9.90%,'17.74,1.48%,50.26%,'1550,'+20.99%,食品饮料
'495,SH600182.S佳通,'15.89,'-0.31%,'2.64,'35.63,13.49%,'-,'4.39,5.73%,12.16%,'54,'-2.55%,橡胶制品
'496,SH688036.传音控股,'85.61,'+1.30%,'2.64,'22.12,10.49%,2.82%,'4.70,3.50%,21.72%,'976,'-8.01%,消费电子
'497,SZ002139.拓邦股份,'15.20,'+3.75%,'2.64,'26.37,10.50%,0.87%,'2.65,0.48%,10.42%,'183,'+12.23%,消费电子
'498,SZ002683.广东宏大,'38.05,'+4.10%,'2.64,'30.33,12.00%,0.79%,'4.21,1.78%,14.01%,'278,'+45.81%,采掘行业
'499,SZ002965.祥鑫科技,'42.24,'+0.86%,'2.64,'34.29,13.43%,0.54%,'2.59,0.98%,8.62%,'111,'+62.00%,通用设备
'500,SH600030.中信证券,'29.16,'-0.07%,'2.65,'18.56,7.06%,4.79%,'1.43,2.45%,7.99%,'3558,'-0.03%,证券
