序,股票,关注度,价,涨,北上持股,扣非PE,PB,股息,ROE,市值(亿),今年来,行业
'1,SH600519.贵州茅台,'327,'1423.88,'-0.27%,5.80%,'20.09,'6.92,3.62%,35.74%,'17886.75,'-4.74%,酿酒行业
'2,SH600900.长江电力,'295,'27.97,'-0.46%,6.19%,'20.27,'3.17,3.37%,16.00%,'6843.76,'-2.27%,电力行业
'3,SZ300750.宁德时代,'224,'265.00,'-0.26%,13.78%,'23.24,'4.11,2.18%,23.77%,'11699.82,'+2.10%,电池
'4,SZ000858.五粮液,'212,'122.16,'+0.17%,3.08%,'14.54,'3.20,4.71%,22.39%,'4733.62,'-8.71%,酿酒行业
'6,SH601919.中远海控,'177,'15.63,'+1.10%,3.50%,'4.49,'0.99,9.96%,24.18%,'1970.93,'+7.69%,航运港口
'5,SH601318.中国平安,'176,'59.06,'-0.14%,5.94%,'9.69,'1.14,4.32%,12.68%,'6356.43,'+15.43%,保险
'7,SH600309.万华化学,'174,'61.08,'+0.15%,4.33%,'15.58,'1.94,2.05%,12.54%,'1912.09,'-13.25%,化学制品
'9,SZ002714.牧原股份,'158,'46.77,'+1.10%,2.72%,'9.85,'3.31,3.05%,36.00%,'2527.08,'+23.33%,农牧饲渔
'8,SZ000568.泸州老窖,'154,'127.58,'+0.45%,2.22%,'13.91,'3.73,1.07%,27.99%,'1869.53,'+3.10%,酿酒行业
'10,SH603259.药明康德,'147,'93.58,'+0.31%,12.13%,'24.09,'4.49,1.43%,24.03%,'2325.59,'+73.71%,医疗服务
'11,SH601225.陕西煤业,'147,'21.43,'+5.62%,2.48%,'10.20,'2.15,6.29%,23.53%,'2077.64,'-2.07%,煤炭行业
'12,SZ000333.美的集团,'142,'71.70,'+0.45%,14.64%,'13.96,'2.38,4.91%,20.86%,'5013.70,'-0.07%,家电行业
'13,SH600809.山西汾酒,'141,'182.10,'+0.45%,4.02%,'17.57,'5.79,3.33%,34.84%,'2221.55,'+2.34%,酿酒行业
'16,SH600887.伊利股份,'134,'27.57,'+0.07%,10.60%,'25.23,'2.99,4.43%,12.61%,'1743.90,'-4.80%,食品饮料
'15,SZ300760.迈瑞医疗,'133,'228.31,'+0.12%,10.84%,'25.28,'7.16,3.37%,29.79%,'2764.73,'-9.69%,医疗器械
'14,SH600276.恒瑞医药,'130,'61.58,'-1.16%,8.39%,'61.92,'8.70,0.32%,15.40%,'3928.19,'+34.64%,化学制药
'20,SH601899.紫金矿业,'129,'20.16,'+1.46%,7.72%,'15.16,'3.67,1.88%,27.38%,'4150.69,'+35.27%,有色金属
'18,SH601398.工商银行,'127,'7.76,0.00%,0.92%,'7.66,'0.69,3.97%,9.18%,'20921.91,'+16.98%,银行
'19,SH601088.中国神华,'127,'37.56,'-1.57%,1.04%,'13.48,'1.72,6.02%,12.74%,'6194.03,'-8.58%,煤炭行业
'17,SH600036.招商银行,'120,'45.12,'-0.29%,6.62%,'7.73,'0.91,4.43%,12.48%,'9307.78,'+19.78%,银行
'21,SZ000651.格力电器,'120,'46.90,'+0.39%,6.82%,'8.36,'1.83,2.14%,25.25%,'2616.98,'+5.43%,家电行业
'24,SH605117.德业股份,'116,'52.33,'+0.15%,3.57%,'15.81,'4.61,5.18%,40.42%,'473.30,'-10.87%,光伏设备
'23,SZ000895.双汇发展,'111,'24.95,'-0.12%,1.81%,'18.70,'3.89,5.64%,21.88%,'865.47,'-1.12%,食品饮料
'22,SH605499.东鹏饮料,'110,'298.03,'-2.23%,9.90%,'40.51,'17.74,1.48%,50.26%,'1549.79,'+20.99%,食品饮料
'25,SZ002594.比亚迪,'110,'104.35,'-0.49%,7.07%,'23.09,'4.10,1.26%,23.82%,'5697.88,'+12.07%,汽车整车
'28,SH603345.安井食品,'105,'73.82,'-0.42%,4.07%,'19.18,'1.84,4.53%,10.92%,'216.51,'-7.05%,食品饮料
'29,SZ300274.阳光电源,'105,'76.90,'+1.98%,4.20%,'12.73,'3.83,1.43%,36.17%,'1563.41,'+5.92%,光伏设备
'30,SZ300724.捷佳伟创,'104,'66.80,'-1.66%,2.41%,'8.91,'2.00,1.77%,27.39%,'236.20,'+8.09%,光伏设备
'26,SZ000423.东阿阿胶,'103,'51.30,'-0.68%,9.35%,'21.75,'3.10,4.68%,14.99%,'332.61,'-16.29%,中药
'27,SZ300502.新易盛,'102,'186.40,'+2.17%,5.10%,'44.50,'18.26,0.18%,51.96%,'1813.03,'+126.69%,通信设备
'39,SH600436.片仔癀,'99,'201.51,'-0.03%,3.19%,'39.75,'7.97,1.47%,20.29%,'1215.74,'-5.21%,中药
'31,SH600600.青岛啤酒,'98,'67.90,0.00%,3.29%,'22.92,'3.01,3.24%,14.90%,'481.50,'-13.43%,酿酒行业
'35,SH603799.华友钴业,'98,'42.82,'+0.85%,8.79%,'16.36,'1.89,1.17%,13.31%,'728.60,'+48.51%,能源金属
'36,SH600406.国电南瑞,'97,'21.96,'+0.18%,13.56%,'23.68,'3.52,2.60%,15.75%,'1763.85,'-11.23%,电网设备
'37,SZ300308.中际旭创,'94,'210.52,'-0.19%,3.72%,'41.50,'11.31,0.24%,31.55%,'2343.57,'+71.13%,通信设备
'32,SH600690.海尔智家,'92,'25.23,'+0.80%,7.19%,'12.78,'2.01,3.82%,17.29%,'1578.01,'-8.18%,家电行业
'33,SH600438.通威股份,'92,'20.42,'-0.63%,3.65%,'-1.00,'1.98,4.43%,'-1.00%,'919.31,'-7.64%,光伏设备
'34,SZ300628.亿联网络,'91,'34.05,'+0.09%,3.14%,'17.61,'4.53,5.57%,29.02%,'430.85,'-8.46%,通信设备
'38,SH600941.中国移动,'90,'108.27,'-0.73%,4.09%,'18.64,'1.68,4.31%,10.22%,'977.43,'-6.56%,通信服务
'41,SH603288.海天味业,'86,'38.35,'-0.13%,3.52%,'35.31,'6.78,2.24%,20.94%,'2132.49,'-14.79%,食品饮料
'44,SH603129.春风动力,'85,'244.01,'+7.59%,3.88%,'23.56,'5.52,1.58%,26.73%,'372.30,'+58.75%,交运设备
'48,SH600938.中国海油,'85,'26.01,'-0.08%,1.99%,'9.44,'1.58,4.93%,18.09%,'777.70,'-9.85%,石油行业
'43,SZ002463.沪电股份,'84,'52.58,0.00%,6.41%,'36.19,'7.99,0.95%,24.65%,'1011.49,'+34.76%,电子元件
'40,SZ002475.立讯精密,'83,'36.21,'-0.71%,4.73%,'22.19,'3.65,0.55%,21.20%,'2644.81,'-10.66%,消费电子
'47,SH600031.三一重工,'83,'20.02,'+1.93%,11.80%,'26.55,'2.27,1.80%,9.51%,'1696.57,'+23.92%,工程机械
'42,SH600188.兖矿能源,'82,'13.31,'+2.54%,1.84%,'10.31,'1.56,5.79%,16.24%,'793.54,'-2.00%,煤炭行业
'46,SH601628.中国人寿,'81,'41.52,'+0.65%,0.38%,'10.18,'2.20,1.57%,22.73%,'8645.93,'+0.17%,保险
'45,SH603195.公牛集团,'80,'47.60,'-0.38%,2.97%,'22.78,'5.10,3.60%,26.74%,'860.89,'-1.95%,家用轻工
'49,SH603855.华荣股份,'79,'21.64,'+1.12%,3.20%,'15.68,'3.26,4.62%,23.11%,'73.04,'+11.95%,专用设备
'55,SH601138.工业富联,'79,'34.30,'-2.14%,2.47%,'28.33,'4.33,1.87%,16.04%,'6811.80,'+62.66%,消费电子
'56,SZ002074.国轩高科,'79,'29.25,'+0.34%,2.94%,'197.46,'2.03,0.34%,4.91%,'526.29,'+38.28%,电池
'58,SZ002466.天齐锂业,'79,'38.16,'+0.24%,4.39%,'-1.00,'1.50,3.55%,'-1.00%,'562.33,'+15.64%,能源金属
'59,SH600096.云天化,'79,'24.56,'+1.32%,12.59%,'8.91,'1.89,5.74%,23.52%,'447.73,'+16.89%,化肥行业
'50,SH601985.中国核电,'76,'9.18,'+0.11%,2.53%,'21.81,'1.66,1.94%,8.53%,'1888.14,'-10.45%,电力行业
'60,SZ002311.海大集团,'76,'58.37,'+0.78%,3.78%,'18.67,'3.95,1.90%,22.53%,'963.64,'+21.26%,农牧饲渔
'64,SZ000915.华特达因,'76,'34.74,'-0.26%,3.15%,'16.05,'2.64,7.18%,16.95%,'81.62,'+31.39%,化学制药
'63,SH603369.今世缘,'75,'39.45,'-0.33%,2.75%,'14.08,'2.88,3.04%,22.08%,'491.86,'-10.32%,酿酒行业
'52,SH688008.澜起科技,'74,'90.94,'+6.79%,10.07%,'67.99,'8.70,0.43%,15.46%,'1041.07,'+34.60%,半导体
'57,SZ000999.华润三九,'74,'31.87,'-0.90%,2.61%,'17.85,'2.54,3.16%,15.77%,'536.94,'-5.86%,中药
'62,SZ002415.海康威视,'73,'29.28,'-0.17%,0.44%,'22.45,'3.45,2.39%,16.51%,'2708.10,'-2.26%,计算机设备
'54,SZ000596.古井贡酒,'72,'139.47,'-0.39%,1.26%,'12.94,'2.80,4.29%,23.11%,'572.08,'-16.02%,酿酒行业
'53,SH600132.重庆啤酒,'71,'55.36,'+0.02%,6.24%,'21.56,'16.17,4.34%,53.44%,'267.93,'-10.71%,酿酒行业
'51,SH601012.隆基绿能,'70,'15.94,'+0.13%,5.62%,'-1.00,'2.03,1.07%,'-1.00%,'1207.94,'+1.46%,光伏设备
'61,SZ300015.爱尔眼科,'70,'12.82,'-0.31%,2.07%,'36.17,'5.49,1.24%,17.85%,'1199.25,'-1.99%,医疗服务
'76,SH603568.伟明环保,'69,'19.20,'-0.05%,1.31%,'12.47,'2.33,2.50%,21.09%,'327.28,'-9.03%,环保行业
'80,SZ002028.思源电气,'69,'77.30,'-0.59%,19.90%,'30.66,'4.70,0.64%,18.02%,'605.29,'+7.05%,电网设备
'83,SZ002304.洋河股份,'69,'68.80,'+0.06%,1.36%,'23.53,'2.00,6.76%,7.76%,'1035.83,'-12.15%,酿酒行业
'85,SZ002001.新和成,'69,'22.26,'+0.14%,6.24%,'9.97,'2.23,3.15%,24.43%,'683.22,'+4.55%,化学制药
'91,SZ300759.康龙化成,'69,'29.44,'-1.24%,2.91%,'43.70,'3.77,0.67%,13.98%,'440.19,'+15.49%,医疗服务
'92,SZ002472.双环传动,'69,'36.35,'+5.06%,17.92%,'27.67,'3.22,0.65%,12.56%,'293.31,'+19.56%,汽车零部件
'67,SH601669.中国电建,'68,'6.33,'-1.40%,2.96%,'10.22,'0.66,2.01%,7.03%,'1090.42,'+18.92%,工程建设
'74,SH600967.内蒙一机,'68,'23.66,'+10.00%,0.12%,0.00,'3.42,0.62%,4.43%,'402.64,'+179.44%,交运设备
'87,SZ300059.东方财富,'68,'23.63,0.00%,3.06%,'37.29,'4.48,0.25%,13.23%,'3734.49,'-8.21%,互联网服务
'90,SZ002896.中大力德,'68,'94.38,'+10.00%,1.08%,'292.74,'14.15,0.23%,6.34%,'168.62,'+220.56%,通用设备
'73,SH601988.中国银行,'67,'5.66,'+0.18%,0.69%,'7.74,'0.65,3.78%,8.62%,'13504.20,'+7.35%,银行
'81,SH603338.浙江鼎力,'67,'50.32,'+0.46%,6.77%,'15.06,'2.44,1.99%,17.88%,'254.79,'-20.22%,工程机械
'84,SZ300033.同花顺,'67,'292.70,'-0.19%,2.29%,'88.65,'24.33,1.02%,28.92%,'1576.62,'+2.85%,软件开发
'65,SH600660.福耀玻璃,'66,'55.56,'-0.41%,18.64%,'18.32,'3.84,3.24%,23.06%,'1112.86,'-8.12%,玻璃玻纤
'77,SZ300866.安克创新,'66,'131.43,'+5.80%,8.93%,'33.03,'7.10,1.68%,25.95%,'664.60,'+36.66%,消费电子
'93,SZ002884.凌霄泵业,'66,'16.52,'+0.36%,0.94%,'13.56,'2.43,6.08%,19.02%,'58.87,'-3.90%,通用设备
'88,SH603605.珀莱雅,'65,'82.39,'-0.12%,11.99%,'20.30,'5.63,1.44%,31.86%,'326.47,'-1.32%,美容护理
'89,SZ002557.洽洽食品,'65,'22.72,'-0.96%,3.95%,'19.04,'2.05,5.67%,12.08%,'116.04,'-17.40%,食品饮料
'75,SZ000708.中信特钢,'64,'12.97,'-0.15%,0.95%,'13.08,'1.55,3.90%,12.49%,'655.63,'+18.72%,钢铁行业
'69,SZ000426.兴业银锡,'62,'19.02,'+1.71%,1.62%,'19.71,'4.01,0.36%,22.37%,'332.04,'+71.04%,有色金属
'79,SH688981.中芯国际,'62,'90.78,'+0.87%,3.19%,'227.05,'4.85,0.00%,3.11%,'1805.03,'-4.06%,半导体
'66,SH600009.上海机场,'61,'32.23,'-0.34%,3.39%,'52.09,'1.90,0.31%,4.97%,'802.04,'-5.62%,航空机场
'68,SH603589.口子窖,'61,'33.53,'-0.12%,1.45%,'12.30,'1.80,3.89%,15.63%,'200.55,'-11.24%,酿酒行业
'70,SH600674.川投能源,'61,'15.55,'-0.19%,2.64%,'16.22,'1.74,2.57%,11.17%,'758.00,'-7.57%,电力行业
'71,SH600585.海螺水泥,'61,'23.37,'-0.04%,4.83%,'16.17,'0.65,3.04%,4.25%,'934.73,'+1.51%,水泥建材
'86,SZ002032.苏泊尔,'61,'51.23,'-0.33%,4.34%,'19.73,'5.95,5.47%,33.07%,'411.90,'+1.08%,家电行业
'72,SH689009.九号公司-WD,'60,'65.46,'+0.38%,'-,'26.28,'6.95,1.72%,27.90%,'470.95,'+40.40%,交运设备
'78,SH600219.南山铝业,'60,'4.05,'+0.75%,6.45%,'8.15,'0.91,4.21%,11.42%,'470.35,'+6.16%,有色金属
'82,SH601689.拓普集团,'60,'48.02,'+2.04%,5.07%,'31.86,'3.68,1.08%,14.38%,'834.51,'-0.93%,汽车零部件
'95,SH688012.中微公司,'56,'196.06,'+0.45%,9.18%,'86.24,'6.09,0.15%,8.82%,'1227.62,'+3.82%,半导体
'94,SZ000538.云南白药,'55,'55.96,'-0.39%,3.98%,'21.24,'2.46,4.27%,12.10%,'1002.40,'-4.70%,中药
'97,SH688256.寒武纪-U,'55,'694.34,'-0.09%,3.75%,'-1.00,'49.84,0.00%,2.30%,'2904.77,'+5.52%,半导体
'100,SH603986.兆易创新,'54,'118.28,'+0.24%,6.12%,'73.37,'4.68,0.29%,7.05%,'785.45,'+11.06%,半导体
'96,SH605305.中际联合,'53,'37.34,'-1.99%,1.49%,'25.53,'2.95,1.21%,14.04%,'79.35,'+34.16%,风电设备
'99,SH601288.农业银行,'53,'6.62,'+1.22%,0.96%,'8.18,'0.74,3.65%,9.26%,'21133.97,'+29.36%,银行
'98,SH603486.科沃斯,'52,'88.95,'+1.43%,1.65%,'65.09,'6.59,0.51%,13.47%,'511.29,'+90.85%,家电行业
